Name: CCTV-1, URL: https://iptv.catvod.com/catvod?id=CCTV-1%E9%AB%98%E6%B8%85&line=1, From: subscribe, IPv_Type: ipv4, Location: 美国-加利福尼亚州-洛杉矶, ISP: IT7网络, Date: None, Delay: 39 ms, Speed: 16.06 M/s, Resolution: 1920x1080
Name: CCTV-1, URL: https://iptv.catvod.com/catvod?id=CCTV1&line=21, From: subscribe, IPv_Type: ipv4, Location: 美国-加利福尼亚州-洛杉矶, ISP: IT7网络, Date: None, Delay: 40 ms, Speed: 13.81 M/s, Resolution: 1920x1080
Name: CCTV-1, URL: http://198.204.228.26/live/cctv1hd.m3u8, From: subscribe, IPv_Type: ipv4, Location: 美国, ISP: , Date: None, Delay: 711 ms, Speed: 5.60 M/s, Resolution: 1920x1080
Name: CCTV-1, URL: https://iptv.catvod.com/catvod?id=CCTV1&line=20, From: subscribe, IPv_Type: ipv4, Location: 美国-加利福尼亚州-洛杉矶, ISP: IT7网络, Date: None, Delay: 135 ms, Speed: 4.16 M/s, Resolution: 1920x1080
Name: CCTV-1, URL: https://iptv.catvod.com/catvod?id=CCTV1&line=8, From: subscribe, IPv_Type: ipv4, Location: 美国-加利福尼亚州-洛杉矶, ISP: IT7网络, Date: None, Delay: 166 ms, Speed: 3.99 M/s, Resolution: 1920x1080
Name: CCTV-1, URL: https://iptv.catvod.com/catvod?id=CCTV1&line=10, From: subscribe, IPv_Type: ipv4, Location: 美国-加利福尼亚州-洛杉矶, ISP: IT7网络, Date: None, Delay: 155 ms, Speed: 3.83 M/s, Resolution: 1920x1080
Name: CCTV-1, URL: https://iptv.catvod.com/catvod?id=CCTV1&line=11, From: subscribe, IPv_Type: ipv4, Location: 美国-加利福尼亚州-洛杉矶, ISP: IT7网络, Date: None, Delay: 166 ms, Speed: 3.50 M/s, Resolution: 1920x1080
Name: CCTV-1, URL: https://iptv.catvod.com/catvod?id=CCTV1&line=15, From: subscribe, IPv_Type: ipv4, Location: 美国-加利福尼亚州-洛杉矶, ISP: IT7网络, Date: None, Delay: 166 ms, Speed: 3.45 M/s, Resolution: 1920x1080
Name: CCTV-1, URL: https://iptv.catvod.com/catvod?id=CCTV1&line=16, From: subscribe, IPv_Type: ipv4, Location: 美国-加利福尼亚州-洛杉矶, ISP: IT7网络, Date: None, Delay: 170 ms, Speed: 3.45 M/s, Resolution: 1920x1080
Name: CCTV-1, URL: https://iptv.catvod.com/catvod?id=CCTV1&line=12, From: subscribe, IPv_Type: ipv4, Location: 美国-加利福尼亚州-洛杉矶, ISP: IT7网络, Date: None, Delay: 175 ms, Speed: 3.42 M/s, Resolution: 1920x1080
Name: CCTV-1, URL: https://iptv.catvod.com/catvod?id=CCTV1&line=19, From: subscribe, IPv_Type: ipv4, Location: 美国-加利福尼亚州-洛杉矶, ISP: IT7网络, Date: None, Delay: 169 ms, Speed: 3.27 M/s, Resolution: 1920x1080
Name: CCTV-1, URL: https://iptv.catvod.com/catvod?id=CCTV1&line=7, From: subscribe, IPv_Type: ipv4, Location: 美国-加利福尼亚州-洛杉矶, ISP: IT7网络, Date: None, Delay: 173 ms, Speed: 3.25 M/s, Resolution: 1920x1080
Name: CCTV-1, URL: https://iptv.catvod.com/catvod?id=CCTV1&line=9, From: subscribe, IPv_Type: ipv4, Location: 美国-加利福尼亚州-洛杉矶, ISP: IT7网络, Date: None, Delay: 177 ms, Speed: 3.12 M/s, Resolution: 1920x1080
Name: CCTV-1, URL: https://live.264788.xyz/channel/cctv1?streamid=cccb6b9cad34d95eaf06a39fcf6acd9e&livekey=01WgOR41rriMmMkzNsd0UoaxJRwetZdxIvtVk, From: subscribe, IPv_Type: ipv4, Location: 美国, ISP: CloudFlare节点, Date: None, Delay: 221 ms, Speed: 0.00 M/s, Resolution: None
Name: CCTV-1, URL: https://live.264788.xyz/channel/cctv1?streamid=b3819637a4c479c8ccd4d25e42eb96ca&livekey=01WgOR41rriMmMkzNsd0UoaxJRwetZdxIvtVk, From: subscribe, IPv_Type: ipv4, Location: 美国, ISP: CloudFlare节点, Date: None, Delay: 415 ms, Speed: 0.00 M/s, Resolution: None
Name: CCTV-1, URL: https://live.264788.xyz/channel/cctv1?streamid=92aee428179a0ecc7495490888c0cba9&livekey=01WgOR41rriMmMkzNsd0UoaxJRwetZdxIvtVk, From: subscribe, IPv_Type: ipv4, Location: 美国, ISP: CloudFlare节点, Date: None, Delay: 685 ms, Speed: 0.00 M/s, Resolution: None
Name: CCTV-2, URL: https://live.264788.xyz/channel/cctv2?streamid=d55832b54a62754d87c8d80e8d0af412&livekey=01WgOR41rriMmMkzNsd0UoaxJRwetZdxIvtVk, From: subscribe, IPv_Type: ipv4, Location: 美国, ISP: CloudFlare节点, Date: None, Delay: 252 ms, Speed: 28.92 M/s, Resolution: None
Name: CCTV-2, URL: https://live.264788.xyz/channel/cctv2?streamid=d0894b01592c0f48f99c44a148ca8447&livekey=01WgOR41rriMmMkzNsd0UoaxJRwetZdxIvtVk, From: subscribe, IPv_Type: ipv4, Location: 美国, ISP: CloudFlare节点, Date: None, Delay: 299 ms, Speed: 26.85 M/s, Resolution: None
Name: CCTV-2, URL: https://iptv.catvod.com/catvod?id=CCTV-2%E9%AB%98%E6%B8%85&line=1, From: subscribe, IPv_Type: ipv4, Location: 美国-加利福尼亚州-洛杉矶, ISP: IT7网络, Date: None, Delay: 27 ms, Speed: 20.80 M/s, Resolution: 1920x1080
Name: CCTV-2, URL: https://iptv.catvod.com/catvod?id=CCTV2&line=2, From: subscribe, IPv_Type: ipv4, Location: 美国-加利福尼亚州-洛杉矶, ISP: IT7网络, Date: None, Delay: 30 ms, Speed: 20.61 M/s, Resolution: 1920x1080
Name: CCTV-2, URL: https://iptv.catvod.com/catvod?id=CCTV2&line=5, From: subscribe, IPv_Type: ipv4, Location: 美国-加利福尼亚州-洛杉矶, ISP: IT7网络, Date: None, Delay: 26 ms, Speed: 20.26 M/s, Resolution: 1920x1080
Name: CCTV-2, URL: https://iptv.catvod.com/catvod?id=CCTV2&line=1, From: subscribe, IPv_Type: ipv4, Location: 美国-加利福尼亚州-洛杉矶, ISP: IT7网络, Date: None, Delay: 29 ms, Speed: 19.07 M/s, Resolution: 1920x1080
Name: CCTV-2, URL: https://iptv.catvod.com/catvod?id=CCTV2&line=4, From: subscribe, IPv_Type: ipv4, Location: 美国-加利福尼亚州-洛杉矶, ISP: IT7网络, Date: None, Delay: 32 ms, Speed: 17.70 M/s, Resolution: 1920x1080
Name: CCTV-2, URL: https://iptv.catvod.com/catvod?id=CCTV2&line=3, From: subscribe, IPv_Type: ipv4, Location: 美国-加利福尼亚州-洛杉矶, ISP: IT7网络, Date: None, Delay: 33 ms, Speed: 17.53 M/s, Resolution: 1920x1080
Name: CCTV-2, URL: https://iptv.catvod.com/catvod?id=CCTV2&line=6, From: subscribe, IPv_Type: ipv4, Location: 美国-加利福尼亚州-洛杉矶, ISP: IT7网络, Date: None, Delay: 40 ms, Speed: 16.97 M/s, Resolution: 1920x1080
Name: CCTV-2, URL: https://live.264788.xyz/channel/cctv2?streamid=da40669354aad7a342bfad794406bd61&livekey=01WgOR41rriMmMkzNsd0UoaxJRwetZdxIvtVk, From: subscribe, IPv_Type: ipv4, Location: 美国, ISP: CloudFlare节点, Date: None, Delay: 411 ms, Speed: 15.33 M/s, Resolution: 720x576
Name: CCTV-2, URL: https://live.264788.xyz/channel/cctv2?streamid=383d98765abf4549a5a799274f495f00&livekey=01WgOR41rriMmMkzNsd0UoaxJRwetZdxIvtVk, From: subscribe, IPv_Type: ipv4, Location: 美国, ISP: CloudFlare节点, Date: None, Delay: 305 ms, Speed: 0.00 M/s, Resolution: 720x576
Name: CCTV-3, URL: https://live.264788.xyz/channel/cctv3?streamid=1d12fd159be0157ca05e86bee9ce74e2&livekey=01WgOR41rriMmMkzNsd0UoaxJRwetZdxIvtVk, From: subscribe, IPv_Type: ipv4, Location: 美国, ISP: CloudFlare节点, Date: None, Delay: 57 ms, Speed: 73.96 M/s, Resolution: None
Name: CCTV-3, URL: https://iptv.catvod.com/catvod?id=CCTV3&line=8, From: subscribe, IPv_Type: ipv4, Location: 美国-加利福尼亚州-洛杉矶, ISP: IT7网络, Date: None, Delay: 28 ms, Speed: 20.72 M/s, Resolution: 1920x1080
Name: CCTV-3, URL: https://iptv.catvod.com/catvod?id=CCTV3&line=7, From: subscribe, IPv_Type: ipv4, Location: 美国-加利福尼亚州-洛杉矶, ISP: IT7网络, Date: None, Delay: 29 ms, Speed: 18.89 M/s, Resolution: 1920x1080
Name: CCTV-3, URL: https://iptv.catvod.com/live.php?id=CCTV3&line=8, From: subscribe, IPv_Type: ipv4, Location: 美国-加利福尼亚州-洛杉矶, ISP: IT7网络, Date: None, Delay: 31 ms, Speed: 18.50 M/s, Resolution: 1920x1080
Name: CCTV-3, URL: https://iptv.catvod.com/catvod?id=CCTV3&line=6, From: subscribe, IPv_Type: ipv4, Location: 美国-加利福尼亚州-洛杉矶, ISP: IT7网络, Date: None, Delay: 36 ms, Speed: 16.97 M/s, Resolution: 1920x1080
Name: CCTV-3, URL: https://iptv.catvod.com/catvod?id=CCTV3&line=10, From: subscribe, IPv_Type: ipv4, Location: 美国-加利福尼亚州-洛杉矶, ISP: IT7网络, Date: None, Delay: 39 ms, Speed: 14.65 M/s, Resolution: 1920x1080
Name: CCTV-3, URL: https://iptv.catvod.com/catvod?id=CCTV3&line=9, From: subscribe, IPv_Type: ipv4, Location: 美国-加利福尼亚州-洛杉矶, ISP: IT7网络, Date: None, Delay: 47 ms, Speed: 12.64 M/s, Resolution: 1920x1080
Name: CCTV-3, URL: https://iptv.catvod.com/catvod?id=CCTV3%E7%BB%BC%E8%89%BA&line=1, From: subscribe, IPv_Type: ipv4, Location: 美国-加利福尼亚州-洛杉矶, ISP: IT7网络, Date: None, Delay: 45 ms, Speed: 12.49 M/s, Resolution: 1920x1080
Name: CCTV-4, URL: https://live.264788.xyz/channel/cctv4?streamid=322dde75a155820f409e33444cb6cd15&livekey=01WgOR41rriMmMkzNsd0UoaxJRwetZdxIvtVk, From: subscribe, IPv_Type: ipv4, Location: 美国, ISP: CloudFlare节点, Date: None, Delay: 91 ms, Speed: 48.06 M/s, Resolution: None
Name: CCTV-4, URL: https://live.264788.xyz/channel/cctv4?streamid=cc1a7c2d76ea7e0ab85515d9318d6a67&livekey=01WgOR41rriMmMkzNsd0UoaxJRwetZdxIvtVk, From: subscribe, IPv_Type: ipv4, Location: 美国, ISP: CloudFlare节点, Date: None, Delay: 700 ms, Speed: 26.84 M/s, Resolution: None
Name: CCTV-4, URL: https://iptv.catvod.com/catvod?id=CCTV4K%E8%B6%85%E9%AB%98%E6%B8%85&line=1, From: subscribe, IPv_Type: ipv4, Location: 美国-加利福尼亚州-洛杉矶, ISP: IT7网络, Date: None, Delay: 30 ms, Speed: 18.98 M/s, Resolution: 1920x1080
Name: CCTV-4, URL: https://iptv.catvod.com/catvod?id=CCTV4&line=2, From: subscribe, IPv_Type: ipv4, Location: 美国-加利福尼亚州-洛杉矶, ISP: IT7网络, Date: None, Delay: 37 ms, Speed: 15.76 M/s, Resolution: 1920x1080
Name: CCTV-4, URL: https://iptv.catvod.com/catvod?id=CCTV4K%E8%B6%85%E9%AB%98%E6%B8%85&line=2, From: subscribe, IPv_Type: ipv4, Location: 美国-加利福尼亚州-洛杉矶, ISP: IT7网络, Date: None, Delay: 41 ms, Speed: 15.21 M/s, Resolution: 1920x1080
Name: CCTV-4, URL: https://iptv.catvod.com/catvod?id=CCTV4&line=1, From: subscribe, IPv_Type: ipv4, Location: 美国-加利福尼亚州-洛杉矶, ISP: IT7网络, Date: None, Delay: 38 ms, Speed: 14.23 M/s, Resolution: 1920x1080
Name: CCTV-4, URL: https://iptv.catvod.com/catvod?id=CCTV-4K&line=1, From: subscribe, IPv_Type: ipv4, Location: 美国-加利福尼亚州-洛杉矶, ISP: IT7网络, Date: None, Delay: 48 ms, Speed: 13.76 M/s, Resolution: 1920x1080
Name: CCTV-4, URL: https://live.264788.xyz/channel/cctv4?streamid=58e05ee3e15a2d1956b7443ae4067dfa&livekey=01WgOR41rriMmMkzNsd0UoaxJRwetZdxIvtVk, From: subscribe, IPv_Type: ipv4, Location: 美国, ISP: CloudFlare节点, Date: None, Delay: 902 ms, Speed: 13.39 M/s, Resolution: 720x576
Name: CCTV-4, URL: https://live.264788.xyz/channel/cctv4?streamid=6bb35f2f3c97693a24eea0b7469980a4&livekey=01WgOR41rriMmMkzNsd0UoaxJRwetZdxIvtVk, From: subscribe, IPv_Type: ipv4, Location: 美国, ISP: CloudFlare节点, Date: None, Delay: 923 ms, Speed: 12.74 M/s, Resolution: None
Name: CCTV-4, URL: https://iptv.catvod.com/catvod?id=CCTV4&line=7, From: subscribe, IPv_Type: ipv4, Location: 美国-加利福尼亚州-洛杉矶, ISP: IT7网络, Date: None, Delay: 52 ms, Speed: 12.35 M/s, Resolution: 1920x1080
Name: CCTV-4, URL: https://iptv.catvod.com/catvod?id=CCTV4&line=14, From: subscribe, IPv_Type: ipv4, Location: 美国-加利福尼亚州-洛杉矶, ISP: IT7网络, Date: None, Delay: 73 ms, Speed: 11.04 M/s, Resolution: 1920x1080
Name: CCTV-4, URL: https://iptv.catvod.com/catvod?id=CCTV4&line=3, From: subscribe, IPv_Type: ipv4, Location: 美国-加利福尼亚州-洛杉矶, ISP: IT7网络, Date: None, Delay: 58 ms, Speed: 10.96 M/s, Resolution: 1920x1080
Name: CCTV-4, URL: https://iptv.catvod.com/catvod?id=CCTV4&line=5, From: subscribe, IPv_Type: ipv4, Location: 美国-加利福尼亚州-洛杉矶, ISP: IT7网络, Date: None, Delay: 56 ms, Speed: 9.82 M/s, Resolution: 1920x1080
Name: CCTV-4, URL: https://iptv.catvod.com/catvod?id=CCTV4&line=8, From: subscribe, IPv_Type: ipv4, Location: 美国-加利福尼亚州-洛杉矶, ISP: IT7网络, Date: None, Delay: 66 ms, Speed: 9.78 M/s, Resolution: 1920x1080
Name: CCTV-4, URL: https://iptv.catvod.com/catvod?id=CCTV4&line=4, From: subscribe, IPv_Type: ipv4, Location: 美国-加利福尼亚州-洛杉矶, ISP: IT7网络, Date: None, Delay: 64 ms, Speed: 9.57 M/s, Resolution: 1920x1080
Name: CCTV-4, URL: https://iptv.catvod.com/catvod?id=CCTV4%E7%BE%8E%E6%B4%B2&line=2, From: subscribe, IPv_Type: ipv4, Location: 美国-加利福尼亚州-洛杉矶, ISP: IT7网络, Date: None, Delay: 60 ms, Speed: 9.36 M/s, Resolution: 1920x1080
Name: CCTV-4, URL: https://iptv.catvod.com/catvod?id=CCTV4%E7%BE%8E%E6%B4%B2&line=1, From: subscribe, IPv_Type: ipv4, Location: 美国-加利福尼亚州-洛杉矶, ISP: IT7网络, Date: None, Delay: 60 ms, Speed: 9.17 M/s, Resolution: 1920x1080
Name: CCTV-4, URL: https://iptv.catvod.com/catvod?id=CCTV4&line=12, From: subscribe, IPv_Type: ipv4, Location: 美国-加利福尼亚州-洛杉矶, ISP: IT7网络, Date: None, Delay: 65 ms, Speed: 8.97 M/s, Resolution: 1920x1080
Name: CCTV-4, URL: https://iptv.catvod.com/catvod?id=CCTV4&line=15, From: subscribe, IPv_Type: ipv4, Location: 美国-加利福尼亚州-洛杉矶, ISP: IT7网络, Date: None, Delay: 70 ms, Speed: 8.78 M/s, Resolution: 1920x1080
Name: CCTV-4, URL: https://iptv.catvod.com/catvod?id=CCTV4&line=13, From: subscribe, IPv_Type: ipv4, Location: 美国-加利福尼亚州-洛杉矶, ISP: IT7网络, Date: None, Delay: 65 ms, Speed: 8.56 M/s, Resolution: 1920x1080
Name: CCTV-4, URL: https://iptv.catvod.com/catvod?id=CCTV4&line=10, From: subscribe, IPv_Type: ipv4, Location: 美国-加利福尼亚州-洛杉矶, ISP: IT7网络, Date: None, Delay: 77 ms, Speed: 7.99 M/s, Resolution: 1920x1080
Name: CCTV-4, URL: https://iptv.catvod.com/catvod?id=CCTV4&line=9, From: subscribe, IPv_Type: ipv4, Location: 美国-加利福尼亚州-洛杉矶, ISP: IT7网络, Date: None, Delay: 76 ms, Speed: 7.15 M/s, Resolution: 1920x1080
Name: CCTV-4, URL: https://iptv.catvod.com/catvod?id=CCTV4&line=11, From: subscribe, IPv_Type: ipv4, Location: 美国-加利福尼亚州-洛杉矶, ISP: IT7网络, Date: None, Delay: 96 ms, Speed: 6.34 M/s, Resolution: 1920x1080
Name: CCTV-4, URL: http://198.204.240.250:82/live/cctv4k.m3u8, From: subscribe, IPv_Type: ipv4, Location: 美国, ISP: , Date: None, Delay: 1633 ms, Speed: 3.21 M/s, Resolution: 1920x1080
Name: CCTV-5, URL: https://iptv.catvod.com/catvod?id=CCTV5&line=1, From: subscribe, IPv_Type: ipv4, Location: 美国-加利福尼亚州-洛杉矶, ISP: IT7网络, Date: None, Delay: 26 ms, Speed: 20.69 M/s, Resolution: 1920x1080
Name: CCTV-5, URL: https://iptv.catvod.com/live.php?id=CCTV5&line=13, From: subscribe, IPv_Type: ipv4, Location: 美国-加利福尼亚州-洛杉矶, ISP: IT7网络, Date: None, Delay: 28 ms, Speed: 20.38 M/s, Resolution: 1920x1080
Name: CCTV-5, URL: https://iptv.catvod.com/live.php?id=CCTV5&line=14, From: subscribe, IPv_Type: ipv4, Location: 美国-加利福尼亚州-洛杉矶, ISP: IT7网络, Date: None, Delay: 27 ms, Speed: 20.30 M/s, Resolution: 1920x1080
Name: CCTV-5, URL: https://iptv.catvod.com/catvod?id=CCTV5&line=14, From: subscribe, IPv_Type: ipv4, Location: 美国-加利福尼亚州-洛杉矶, ISP: IT7网络, Date: None, Delay: 32 ms, Speed: 17.76 M/s, Resolution: 1920x1080
Name: CCTV-5, URL: https://iptv.catvod.com/catvod?id=CCTV5&line=4, From: subscribe, IPv_Type: ipv4, Location: 美国-加利福尼亚州-洛杉矶, ISP: IT7网络, Date: None, Delay: 30 ms, Speed: 17.74 M/s, Resolution: 1920x1080
Name: CCTV-5, URL: https://iptv.catvod.com/catvod?id=CCTV5&line=7, From: subscribe, IPv_Type: ipv4, Location: 美国-加利福尼亚州-洛杉矶, ISP: IT7网络, Date: None, Delay: 35 ms, Speed: 16.41 M/s, Resolution: 1920x1080
Name: CCTV-5, URL: https://iptv.catvod.com/catvod?id=CCTV5&line=5, From: subscribe, IPv_Type: ipv4, Location: 美国-加利福尼亚州-洛杉矶, ISP: IT7网络, Date: None, Delay: 37 ms, Speed: 14.76 M/s, Resolution: 1920x1080
Name: CCTV-5, URL: https://iptv.catvod.com/catvod?id=CCTV5&line=6, From: subscribe, IPv_Type: ipv4, Location: 美国-加利福尼亚州-洛杉矶, ISP: IT7网络, Date: None, Delay: 42 ms, Speed: 14.36 M/s, Resolution: 1920x1080
Name: CCTV-5, URL: https://iptv.catvod.com/catvod?id=CCTV5&line=10, From: subscribe, IPv_Type: ipv4, Location: 美国-加利福尼亚州-洛杉矶, ISP: IT7网络, Date: None, Delay: 52 ms, Speed: 13.64 M/s, Resolution: 1920x1080
Name: CCTV-5, URL: https://iptv.catvod.com/catvod?id=CCTV5&line=2, From: subscribe, IPv_Type: ipv4, Location: 美国-加利福尼亚州-洛杉矶, ISP: IT7网络, Date: None, Delay: 42 ms, Speed: 13.11 M/s, Resolution: 1920x1080
Name: CCTV-5, URL: https://iptv.catvod.com/catvod?id=CCTV5&line=3, From: subscribe, IPv_Type: ipv4, Location: 美国-加利福尼亚州-洛杉矶, ISP: IT7网络, Date: None, Delay: 41 ms, Speed: 12.75 M/s, Resolution: 1920x1080
Name: CCTV-5, URL: https://iptv.catvod.com/catvod?id=CCTV5&line=13, From: subscribe, IPv_Type: ipv4, Location: 美国-加利福尼亚州-洛杉矶, ISP: IT7网络, Date: None, Delay: 54 ms, Speed: 11.09 M/s, Resolution: 1920x1080
Name: CCTV-5, URL: https://iptv.catvod.com/catvod?id=CCTV5&line=9, From: subscribe, IPv_Type: ipv4, Location: 美国-加利福尼亚州-洛杉矶, ISP: IT7网络, Date: None, Delay: 57 ms, Speed: 10.60 M/s, Resolution: 1920x1080
Name: CCTV-5, URL: https://iptv.catvod.com/catvod?id=CCTV5&line=8, From: subscribe, IPv_Type: ipv4, Location: 美国-加利福尼亚州-洛杉矶, ISP: IT7网络, Date: None, Delay: 55 ms, Speed: 10.53 M/s, Resolution: 1920x1080
Name: CCTV-5, URL: https://iptv.catvod.com/catvod?id=CCTV5&line=11, From: subscribe, IPv_Type: ipv4, Location: 美国-加利福尼亚州-洛杉矶, ISP: IT7网络, Date: None, Delay: 67 ms, Speed: 8.57 M/s, Resolution: 1920x1080
Name: CCTV-5, URL: https://iptv.catvod.com/catvod?id=CCTV5&line=12, From: subscribe, IPv_Type: ipv4, Location: 美国-加利福尼亚州-洛杉矶, ISP: IT7网络, Date: None, Delay: 71 ms, Speed: 7.74 M/s, Resolution: 1920x1080
Name: CCTV-6, URL: https://live.264788.xyz/channel/cctv6?streamid=96b266d033a2053c5fbd0fea4afae12b&livekey=01WgOR41rriMmMkzNsd0UoaxJRwetZdxIvtVk, From: subscribe, IPv_Type: ipv4, Location: 美国, ISP: CloudFlare节点, Date: None, Delay: 116 ms, Speed: 31.75 M/s, Resolution: None
Name: CCTV-6, URL: https://live.264788.xyz/channel/cctv6?streamid=594ab401db67c9a1a87d9419543149ff&livekey=01WgOR41rriMmMkzNsd0UoaxJRwetZdxIvtVk, From: subscribe, IPv_Type: ipv4, Location: 美国, ISP: CloudFlare节点, Date: None, Delay: 253 ms, Speed: 29.20 M/s, Resolution: None
Name: CCTV-6, URL: https://live.264788.xyz/channel/cctv6?streamid=6c8f16bfd8cad4d6e8d218cb2dbcf19c&livekey=01WgOR41rriMmMkzNsd0UoaxJRwetZdxIvtVk, From: subscribe, IPv_Type: ipv4, Location: 美国, ISP: CloudFlare节点, Date: None, Delay: 219 ms, Speed: 26.51 M/s, Resolution: None
Name: CCTV-6, URL: https://iptv.catvod.com/catvod?id=CCTV6&line=14, From: subscribe, IPv_Type: ipv4, Location: 美国-加利福尼亚州-洛杉矶, ISP: IT7网络, Date: None, Delay: 30 ms, Speed: 19.10 M/s, Resolution: 1920x1080
Name: CCTV-6, URL: https://iptv.catvod.com/catvod?id=CCTV6&line=7, From: subscribe, IPv_Type: ipv4, Location: 美国-加利福尼亚州-洛杉矶, ISP: IT7网络, Date: None, Delay: 30 ms, Speed: 18.70 M/s, Resolution: 1920x1080
Name: CCTV-6, URL: https://iptv.catvod.com/catvod?id=CCTV6&line=11, From: subscribe, IPv_Type: ipv4, Location: 美国-加利福尼亚州-洛杉矶, ISP: IT7网络, Date: None, Delay: 31 ms, Speed: 17.84 M/s, Resolution: 1920x1080
Name: CCTV-6, URL: https://iptv.catvod.com/catvod?id=CCTV6&line=13, From: subscribe, IPv_Type: ipv4, Location: 美国-加利福尼亚州-洛杉矶, ISP: IT7网络, Date: None, Delay: 38 ms, Speed: 17.04 M/s, Resolution: 1920x1080
Name: CCTV-6, URL: https://iptv.catvod.com/catvod?id=CCTV6&line=12, From: subscribe, IPv_Type: ipv4, Location: 美国-加利福尼亚州-洛杉矶, ISP: IT7网络, Date: None, Delay: 39 ms, Speed: 14.49 M/s, Resolution: 1920x1080
Name: CCTV-6, URL: https://iptv.catvod.com/catvod?id=CCTV6&line=9, From: subscribe, IPv_Type: ipv4, Location: 美国-加利福尼亚州-洛杉矶, ISP: IT7网络, Date: None, Delay: 49 ms, Speed: 14.01 M/s, Resolution: 1920x1080
Name: CCTV-6, URL: https://iptv.catvod.com/catvod?id=CCTV6&line=10, From: subscribe, IPv_Type: ipv4, Location: 美国-加利福尼亚州-洛杉矶, ISP: IT7网络, Date: None, Delay: 37 ms, Speed: 14.00 M/s, Resolution: 1920x1080
Name: CCTV-6, URL: https://iptv.catvod.com/catvod?id=CCTV6&line=8, From: subscribe, IPv_Type: ipv4, Location: 美国-加利福尼亚州-洛杉矶, ISP: IT7网络, Date: None, Delay: 39 ms, Speed: 13.70 M/s, Resolution: 1920x1080
Name: CCTV-6, URL: http://198.204.228.26/live/cctv6hd.m3u8, From: subscribe, IPv_Type: ipv4, Location: 美国, ISP: , Date: None, Delay: 770 ms, Speed: 5.55 M/s, Resolution: 1920x1080
Name: CCTV-7, URL: https://live.264788.xyz/channel/cctv7?streamid=0153a69238ce5820014fb09aec713799&livekey=01WgOR41rriMmMkzNsd0UoaxJRwetZdxIvtVk, From: subscribe, IPv_Type: ipv4, Location: 美国, ISP: CloudFlare节点, Date: None, Delay: 128 ms, Speed: 30.45 M/s, Resolution: None
Name: CCTV-7, URL: https://live.264788.xyz/channel/cctv7?streamid=98cd6dfda16281b12dd69dd808e10cf8&livekey=01WgOR41rriMmMkzNsd0UoaxJRwetZdxIvtVk, From: subscribe, IPv_Type: ipv4, Location: 美国, ISP: CloudFlare节点, Date: None, Delay: 255 ms, Speed: 19.50 M/s, Resolution: 720x576
Name: CCTV-7, URL: https://live.264788.xyz/channel/cctv7?streamid=3486ebf3d4e652ede40ade48d653f610&livekey=01WgOR41rriMmMkzNsd0UoaxJRwetZdxIvtVk, From: subscribe, IPv_Type: ipv4, Location: 美国, ISP: CloudFlare节点, Date: None, Delay: 306 ms, Speed: 19.05 M/s, Resolution: None
Name: CCTV-7, URL: https://iptv.catvod.com/catvod?id=CCTV-7%E9%AB%98%E6%B8%85&line=1, From: subscribe, IPv_Type: ipv4, Location: 美国-加利福尼亚州-洛杉矶, ISP: IT7网络, Date: None, Delay: 32 ms, Speed: 16.39 M/s, Resolution: 1920x1080
Name: CCTV-7, URL: https://iptv.catvod.com/catvod?id=CCTV7&line=1, From: subscribe, IPv_Type: ipv4, Location: 美国-加利福尼亚州-洛杉矶, ISP: IT7网络, Date: None, Delay: 41 ms, Speed: 13.33 M/s, Resolution: 1920x1080
Name: CCTV-7, URL: https://iptv.catvod.com/catvod?id=CCTV7&line=8, From: subscribe, IPv_Type: ipv4, Location: 美国-加利福尼亚州-洛杉矶, ISP: IT7网络, Date: None, Delay: 44 ms, Speed: 12.80 M/s, Resolution: 1920x1080
Name: CCTV-7, URL: https://iptv.catvod.com/catvod?id=CCTV7&line=9, From: subscribe, IPv_Type: ipv4, Location: 美国-加利福尼亚州-洛杉矶, ISP: IT7网络, Date: None, Delay: 44 ms, Speed: 12.37 M/s, Resolution: 1920x1080
Name: CCTV-7, URL: https://iptv.catvod.com/catvod?id=CCTV7&line=2, From: subscribe, IPv_Type: ipv4, Location: 美国-加利福尼亚州-洛杉矶, ISP: IT7网络, Date: None, Delay: 44 ms, Speed: 12.23 M/s, Resolution: 1920x1080
Name: CCTV-7, URL: https://iptv.catvod.com/catvod?id=CCTV7&line=7, From: subscribe, IPv_Type: ipv4, Location: 美国-加利福尼亚州-洛杉矶, ISP: IT7网络, Date: None, Delay: 46 ms, Speed: 11.47 M/s, Resolution: 1920x1080
Name: CCTV-7, URL: https://iptv.catvod.com/catvod?id=CCTV7&line=3, From: subscribe, IPv_Type: ipv4, Location: 美国-加利福尼亚州-洛杉矶, ISP: IT7网络, Date: None, Delay: 57 ms, Speed: 11.18 M/s, Resolution: 1920x1080
Name: CCTV-7, URL: https://iptv.catvod.com/catvod?id=CCTV7&line=4, From: subscribe, IPv_Type: ipv4, Location: 美国-加利福尼亚州-洛杉矶, ISP: IT7网络, Date: None, Delay: 49 ms, Speed: 11.09 M/s, Resolution: 1920x1080
Name: CCTV-7, URL: https://iptv.catvod.com/catvod?id=CCTV7&line=6, From: subscribe, IPv_Type: ipv4, Location: 美国-加利福尼亚州-洛杉矶, ISP: IT7网络, Date: None, Delay: 75 ms, Speed: 8.31 M/s, Resolution: 1920x1080
Name: CCTV-7, URL: https://live.264788.xyz/channel/cctv7?streamid=043ecb8ede7fbe890d88633af70d7cb3&livekey=01WgOR41rriMmMkzNsd0UoaxJRwetZdxIvtVk, From: subscribe, IPv_Type: ipv4, Location: 美国, ISP: CloudFlare节点, Date: None, Delay: 235 ms, Speed: 0.00 M/s, Resolution: None
Name: CCTV-8, URL: https://live.264788.xyz/channel/cctv8?streamid=edf72a10a74fdf3c8d3b62e5540c2cf8&livekey=01WgOR41rriMmMkzNsd0UoaxJRwetZdxIvtVk, From: subscribe, IPv_Type: ipv4, Location: 美国, ISP: CloudFlare节点, Date: None, Delay: 53 ms, Speed: 72.29 M/s, Resolution: None
Name: CCTV-8, URL: https://live.264788.xyz/channel/cctv8?streamid=6c3489b6be6b56162e89e7a5b9a39b61&livekey=01WgOR41rriMmMkzNsd0UoaxJRwetZdxIvtVk, From: subscribe, IPv_Type: ipv4, Location: 美国, ISP: CloudFlare节点, Date: None, Delay: 77 ms, Speed: 48.61 M/s, Resolution: None
Name: CCTV-8, URL: https://live.264788.xyz/channel/cctv8?streamid=40de643d4d7181842c8181a3a31bfade&livekey=01WgOR41rriMmMkzNsd0UoaxJRwetZdxIvtVk, From: subscribe, IPv_Type: ipv4, Location: 美国, ISP: CloudFlare节点, Date: None, Delay: 220 ms, Speed: 40.88 M/s, Resolution: None
Name: CCTV-8, URL: https://iptv.catvod.com/catvod?id=CCTV8K%E8%B6%85%E9%AB%98%E6%B8%85&line=2, From: subscribe, IPv_Type: ipv4, Location: 美国-加利福尼亚州-洛杉矶, ISP: IT7网络, Date: None, Delay: 31 ms, Speed: 19.64 M/s, Resolution: 1920x1080
Name: CCTV-8, URL: https://iptv.catvod.com/catvod?id=CCTV8K%E8%B6%85%E9%AB%98%E6%B8%85&line=1, From: subscribe, IPv_Type: ipv4, Location: 美国-加利福尼亚州-洛杉矶, ISP: IT7网络, Date: None, Delay: 29 ms, Speed: 19.49 M/s, Resolution: 1920x1080
Name: CCTV-8, URL: https://iptv.catvod.com/live.php?id=CCTV8K%E8%B6%85%E9%AB%98%E6%B8%85&line=1, From: subscribe, IPv_Type: ipv4, Location: 美国-加利福尼亚州-洛杉矶, ISP: IT7网络, Date: None, Delay: 30 ms, Speed: 18.13 M/s, Resolution: 1920x1080
Name: CCTV-8, URL: https://iptv.catvod.com/catvod?id=CCTV8&line=17, From: subscribe, IPv_Type: ipv4, Location: 美国-加利福尼亚州-洛杉矶, ISP: IT7网络, Date: None, Delay: 32 ms, Speed: 16.84 M/s, Resolution: 1920x1080
Name: CCTV-8, URL: https://iptv.catvod.com/catvod?id=CCTV8&line=16, From: subscribe, IPv_Type: ipv4, Location: 美国-加利福尼亚州-洛杉矶, ISP: IT7网络, Date: None, Delay: 37 ms, Speed: 14.84 M/s, Resolution: 1920x1080
Name: CCTV-8, URL: https://iptv.catvod.com/catvod?id=CCTV8&line=7, From: subscribe, IPv_Type: ipv4, Location: 美国-加利福尼亚州-洛杉矶, ISP: IT7网络, Date: None, Delay: 49 ms, Speed: 12.84 M/s, Resolution: 1920x1080
Name: CCTV-8, URL: https://iptv.catvod.com/catvod?id=CCTV8&line=8, From: subscribe, IPv_Type: ipv4, Location: 美国-加利福尼亚州-洛杉矶, ISP: IT7网络, Date: None, Delay: 43 ms, Speed: 12.82 M/s, Resolution: 1920x1080
Name: CCTV-8, URL: https://iptv.catvod.com/catvod?id=CCTV8&line=9, From: subscribe, IPv_Type: ipv4, Location: 美国-加利福尼亚州-洛杉矶, ISP: IT7网络, Date: None, Delay: 44 ms, Speed: 12.58 M/s, Resolution: 1920x1080
Name: CCTV-8, URL: https://iptv.catvod.com/catvod?id=CCTV8&line=10, From: subscribe, IPv_Type: ipv4, Location: 美国-加利福尼亚州-洛杉矶, ISP: IT7网络, Date: None, Delay: 43 ms, Speed: 12.10 M/s, Resolution: 1920x1080
Name: CCTV-8, URL: https://iptv.catvod.com/catvod?id=CCTV8&line=11, From: subscribe, IPv_Type: ipv4, Location: 美国-加利福尼亚州-洛杉矶, ISP: IT7网络, Date: None, Delay: 50 ms, Speed: 11.53 M/s, Resolution: 1920x1080
Name: CCTV-8, URL: https://iptv.catvod.com/catvod?id=CCTV8&line=12, From: subscribe, IPv_Type: ipv4, Location: 美国-加利福尼亚州-洛杉矶, ISP: IT7网络, Date: None, Delay: 81 ms, Speed: 7.28 M/s, Resolution: 1920x1080
Name: CCTV-8, URL: https://iptv.catvod.com/catvod?id=CCTV8&line=15, From: subscribe, IPv_Type: ipv4, Location: 美国-加利福尼亚州-洛杉矶, ISP: IT7网络, Date: None, Delay: 84 ms, Speed: 7.18 M/s, Resolution: 1920x1080
Name: CCTV-8, URL: https://iptv.catvod.com/catvod?id=CCTV8&line=13, From: subscribe, IPv_Type: ipv4, Location: 美国-加利福尼亚州-洛杉矶, ISP: IT7网络, Date: None, Delay: 80 ms, Speed: 6.52 M/s, Resolution: 1920x1080
Name: CCTV-8, URL: https://live.264788.xyz/channel/cctv8?streamid=6a85d271479df7e4105c8edd745b4625&livekey=01WgOR41rriMmMkzNsd0UoaxJRwetZdxIvtVk, From: subscribe, IPv_Type: ipv4, Location: 美国, ISP: CloudFlare节点, Date: None, Delay: 521 ms, Speed: 0.00 M/s, Resolution: None
Name: CCTV-9, URL: https://live.264788.xyz/channel/cctv9?streamid=9fb9358174c897392a181a9405abdfdc&livekey=01WgOR41rriMmMkzNsd0UoaxJRwetZdxIvtVk, From: subscribe, IPv_Type: ipv4, Location: 美国, ISP: CloudFlare节点, Date: None, Delay: 107 ms, Speed: 117.52 M/s, Resolution: 1920x1080
Name: CCTV-9, URL: https://live.264788.xyz/channel/cctv9?streamid=556ccb45c4511efcbc1ed351b4b5651a&livekey=01WgOR41rriMmMkzNsd0UoaxJRwetZdxIvtVk, From: subscribe, IPv_Type: ipv4, Location: 美国, ISP: CloudFlare节点, Date: None, Delay: 295 ms, Speed: 83.53 M/s, Resolution: None
Name: CCTV-9, URL: https://live.264788.xyz/channel/cctv9?streamid=965471f22871b869185fa44895550cf6&livekey=01WgOR41rriMmMkzNsd0UoaxJRwetZdxIvtVk, From: subscribe, IPv_Type: ipv4, Location: 美国, ISP: CloudFlare节点, Date: None, Delay: 230 ms, Speed: 0.00 M/s, Resolution: None
Name: CCTV-10, URL: https://live.264788.xyz/channel/cctv10?streamid=3b93fbcc94fb84f897deb567d7a2a4ab&livekey=01WgOR41rriMmMkzNsd0UoaxJRwetZdxIvtVk, From: subscribe, IPv_Type: ipv4, Location: 美国, ISP: CloudFlare节点, Date: None, Delay: 298 ms, Speed: 31.30 M/s, Resolution: None
Name: CCTV-10, URL: https://iptv.catvod.com/catvod?id=CCTV10&line=7, From: subscribe, IPv_Type: ipv4, Location: 美国-加利福尼亚州-洛杉矶, ISP: IT7网络, Date: None, Delay: 33 ms, Speed: 17.65 M/s, Resolution: 1920x1080
Name: CCTV-10, URL: https://iptv.catvod.com/catvod?id=CCTV10&line=11, From: subscribe, IPv_Type: ipv4, Location: 美国-加利福尼亚州-洛杉矶, ISP: IT7网络, Date: None, Delay: 51 ms, Speed: 14.35 M/s, Resolution: 1920x1080
Name: CCTV-10, URL: https://cdn4.skygo.mn/live/disk1/CCTV-10/HLSv3-FTA/CCTV-10.m3u8, From: subscribe, IPv_Type: ipv4, Location: 蒙古, ISP: , Date: None, Delay: 3040 ms, Speed: 0.56 M/s, Resolution: None
Name: CCTV-10, URL: https://live.264788.xyz/channel/cctv10?streamid=53ba5973e313102776c533632a495108&livekey=01WgOR41rriMmMkzNsd0UoaxJRwetZdxIvtVk, From: subscribe, IPv_Type: ipv4, Location: 美国, ISP: CloudFlare节点, Date: None, Delay: 284 ms, Speed: 0.00 M/s, Resolution: None
Name: CCTV-11, URL: https://iptv.catvod.com/catvod?id=CCTV11&line=4, From: subscribe, IPv_Type: ipv4, Location: 美国-加利福尼亚州-洛杉矶, ISP: IT7网络, Date: None, Delay: 29 ms, Speed: 20.25 M/s, Resolution: 1920x1080
Name: CCTV-11, URL: https://iptv.catvod.com/catvod?id=CCTV11&line=5, From: subscribe, IPv_Type: ipv4, Location: 美国-加利福尼亚州-洛杉矶, ISP: IT7网络, Date: None, Delay: 30 ms, Speed: 19.93 M/s, Resolution: 1920x1080
Name: CCTV-11, URL: https://iptv.catvod.com/catvod?id=CCTV11&line=3, From: subscribe, IPv_Type: ipv4, Location: 美国-加利福尼亚州-洛杉矶, ISP: IT7网络, Date: None, Delay: 28 ms, Speed: 19.44 M/s, Resolution: 1920x1080
Name: CCTV-11, URL: https://iptv.catvod.com/catvod?id=CCTV11&line=7, From: subscribe, IPv_Type: ipv4, Location: 美国-加利福尼亚州-洛杉矶, ISP: IT7网络, Date: None, Delay: 30 ms, Speed: 19.34 M/s, Resolution: 1920x1080
Name: CCTV-11, URL: https://iptv.catvod.com/catvod?id=CCTV11&line=6, From: subscribe, IPv_Type: ipv4, Location: 美国-加利福尼亚州-洛杉矶, ISP: IT7网络, Date: None, Delay: 32 ms, Speed: 18.79 M/s, Resolution: 1920x1080
Name: CCTV-11, URL: https://live.264788.xyz/channel/cctv11?streamid=7b9945eb3e3a3628d7a273fff55b8d1e&livekey=01WgOR41rriMmMkzNsd0UoaxJRwetZdxIvtVk, From: subscribe, IPv_Type: ipv4, Location: 美国, ISP: CloudFlare节点, Date: None, Delay: 230 ms, Speed: 0.00 M/s, Resolution: None
Name: CCTV-12, URL: https://live.264788.xyz/channel/cctv12?streamid=ab6198438329e6431e97e89390793ea5&livekey=01WgOR41rriMmMkzNsd0UoaxJRwetZdxIvtVk, From: subscribe, IPv_Type: ipv4, Location: 美国, ISP: CloudFlare节点, Date: None, Delay: 70 ms, Speed: 49.60 M/s, Resolution: None
Name: CCTV-12, URL: https://live.264788.xyz/channel/cctv12?streamid=0f34c587b2bea8f82b43463faa4b5708&livekey=01WgOR41rriMmMkzNsd0UoaxJRwetZdxIvtVk, From: subscribe, IPv_Type: ipv4, Location: 美国, ISP: CloudFlare节点, Date: None, Delay: 1271 ms, Speed: 25.51 M/s, Resolution: 1920x1080
Name: CCTV-12, URL: https://iptv.catvod.com/catvod?id=CCTV12&line=5, From: subscribe, IPv_Type: ipv4, Location: 美国-加利福尼亚州-洛杉矶, ISP: IT7网络, Date: None, Delay: 29 ms, Speed: 20.31 M/s, Resolution: 1920x1080
Name: CCTV-12, URL: https://iptv.catvod.com/catvod?id=CCTV12&line=7, From: subscribe, IPv_Type: ipv4, Location: 美国-加利福尼亚州-洛杉矶, ISP: IT7网络, Date: None, Delay: 35 ms, Speed: 17.51 M/s, Resolution: 1920x1080
Name: CCTV-12, URL: https://live.264788.xyz/channel/cctv12?streamid=2f2d9ed82e6e7edae66f9af09f19cced&livekey=01WgOR41rriMmMkzNsd0UoaxJRwetZdxIvtVk, From: subscribe, IPv_Type: ipv4, Location: 美国, ISP: CloudFlare节点, Date: None, Delay: 543 ms, Speed: 17.03 M/s, Resolution: None
Name: CCTV-12, URL: https://iptv.catvod.com/catvod?id=CCTV12&line=6, From: subscribe, IPv_Type: ipv4, Location: 美国-加利福尼亚州-洛杉矶, ISP: IT7网络, Date: None, Delay: 35 ms, Speed: 17.01 M/s, Resolution: 1920x1080
Name: CCTV-13, URL: https://cdn3.163189.xyz/163189/cctv13, From: subscribe, IPv_Type: ipv6, Location: 美国, ISP: CloudFlare Inc., Date: None, Delay: 102 ms, Speed: 31.78 M/s, Resolution: 1920x1080
Name: CCTV-13, URL: https://live.264788.xyz/channel/cctv13?streamid=ca0ccc1cc485217f8cd8388441629dc6&livekey=01WgOR41rriMmMkzNsd0UoaxJRwetZdxIvtVk, From: subscribe, IPv_Type: ipv4, Location: 美国, ISP: CloudFlare节点, Date: None, Delay: 289 ms, Speed: 31.39 M/s, Resolution: None
Name: CCTV-13, URL: https://iptv.catvod.com/catvod?id=CCTV13&line=10, From: subscribe, IPv_Type: ipv4, Location: 美国-加利福尼亚州-洛杉矶, ISP: IT7网络, Date: None, Delay: 28 ms, Speed: 19.66 M/s, Resolution: 1920x1080
Name: CCTV-13, URL: https://iptv.catvod.com/catvod?id=CCTV13&line=8, From: subscribe, IPv_Type: ipv4, Location: 美国-加利福尼亚州-洛杉矶, ISP: IT7网络, Date: None, Delay: 31 ms, Speed: 18.68 M/s, Resolution: 1920x1080
Name: CCTV-13, URL: https://iptv.catvod.com/catvod?id=CCTV13&line=4, From: subscribe, IPv_Type: ipv4, Location: 美国-加利福尼亚州-洛杉矶, ISP: IT7网络, Date: None, Delay: 31 ms, Speed: 17.90 M/s, Resolution: 1920x1080
Name: CCTV-13, URL: https://iptv.catvod.com/catvod?id=CCTV13&line=6, From: subscribe, IPv_Type: ipv4, Location: 美国-加利福尼亚州-洛杉矶, ISP: IT7网络, Date: None, Delay: 33 ms, Speed: 17.25 M/s, Resolution: 1920x1080
Name: CCTV-13, URL: https://iptv.catvod.com/catvod?id=CCTV13&line=2, From: subscribe, IPv_Type: ipv4, Location: 美国-加利福尼亚州-洛杉矶, ISP: IT7网络, Date: None, Delay: 39 ms, Speed: 16.84 M/s, Resolution: 1920x1080
Name: CCTV-13, URL: https://iptv.catvod.com/catvod?id=CCTV13&line=1, From: subscribe, IPv_Type: ipv4, Location: 美国-加利福尼亚州-洛杉矶, ISP: IT7网络, Date: None, Delay: 34 ms, Speed: 16.52 M/s, Resolution: 1920x1080
Name: CCTV-13, URL: https://iptv.catvod.com/catvod?id=CCTV13&line=3, From: subscribe, IPv_Type: ipv4, Location: 美国-加利福尼亚州-洛杉矶, ISP: IT7网络, Date: None, Delay: 36 ms, Speed: 14.97 M/s, Resolution: 1920x1080
Name: CCTV-13, URL: https://iptv.catvod.com/catvod?id=CCTV13&line=5, From: subscribe, IPv_Type: ipv4, Location: 美国-加利福尼亚州-洛杉矶, ISP: IT7网络, Date: None, Delay: 38 ms, Speed: 14.52 M/s, Resolution: 1920x1080
Name: CCTV-13, URL: https://iptv.catvod.com/catvod?id=CCTV13&line=7, From: subscribe, IPv_Type: ipv4, Location: 美国-加利福尼亚州-洛杉矶, ISP: IT7网络, Date: None, Delay: 35 ms, Speed: 14.44 M/s, Resolution: 1920x1080
Name: CCTV-13, URL: http://207.56.13.146:81/cdnlive/cctv13.m3u8, From: subscribe, IPv_Type: ipv4, Location: 美国-科罗拉多州, ISP: NTT(美国)通信公司, Date: None, Delay: 894 ms, Speed: 4.50 M/s, Resolution: 1920x1080
Name: CCTV-13, URL: http://cjcrcb.top:65500/udp/238.125.0.189:5140, From: subscribe, IPv_Type: ipv4, Location: 中国-新疆-昌吉回族自治州, ISP: 电信, Date: None, Delay: 569 ms, Speed: 0.76 M/s, Resolution: 1920x1080
Name: CCTV-13, URL: http://pull-flv-f11.douyinliving.com/media/stream-695829341161128786.flv?expire=1779443980&sign=c106414455c8c02057b64f5998b0be08&neq=1&major_anchor_level=vip&s_anchor=1&arch_hrchy=s2&unique_id=stream-695829341161128786_850_flv&t_id=037-20260515175939F18DD3216651B74A5447-FdVP5L, From: subscribe, IPv_Type: ipv4, Location: 美国-德克萨斯州-达拉斯, ISP: 腾讯云, Date: None, Delay: 87 ms, Speed: 0.49 M/s, Resolution: 1920x1080
Name: CCTV-13, URL: https://live.264788.xyz/channel/cctv13?streamid=10271fee253d2d91a7fc49f708ec621e&livekey=01WgOR41rriMmMkzNsd0UoaxJRwetZdxIvtVk, From: subscribe, IPv_Type: ipv4, Location: 美国, ISP: CloudFlare节点, Date: None, Delay: 235 ms, Speed: 0.00 M/s, Resolution: 720x576
Name: CCTV-14, URL: https://live.264788.xyz/channel/cctv14?streamid=f0870d5670f7b591427c91bcb34e55d4&livekey=01WgOR41rriMmMkzNsd0UoaxJRwetZdxIvtVk, From: subscribe, IPv_Type: ipv4, Location: 美国, ISP: CloudFlare节点, Date: None, Delay: 105 ms, Speed: 47.47 M/s, Resolution: None
Name: CCTV-14, URL: https://live.264788.xyz/channel/cctv14?streamid=dea6e23e9d7b5317f3605c247aaba891&livekey=01WgOR41rriMmMkzNsd0UoaxJRwetZdxIvtVk, From: subscribe, IPv_Type: ipv4, Location: 美国, ISP: CloudFlare节点, Date: None, Delay: 253 ms, Speed: 35.02 M/s, Resolution: None
Name: CCTV-14, URL: https://live.264788.xyz/channel/cctv14?streamid=c1b1baab75f3bdd8eece6892ec6b0c8b&livekey=01WgOR41rriMmMkzNsd0UoaxJRwetZdxIvtVk, From: subscribe, IPv_Type: ipv4, Location: 美国, ISP: CloudFlare节点, Date: None, Delay: 699 ms, Speed: 25.28 M/s, Resolution: None
Name: CCTV-14, URL: https://iptv.catvod.com/catvod?id=CCTV14&line=9, From: subscribe, IPv_Type: ipv4, Location: 美国-加利福尼亚州-洛杉矶, ISP: IT7网络, Date: None, Delay: 29 ms, Speed: 20.25 M/s, Resolution: 1920x1080
Name: CCTV-14, URL: https://iptv.catvod.com/catvod?id=CCTV14&line=2, From: subscribe, IPv_Type: ipv4, Location: 美国-加利福尼亚州-洛杉矶, ISP: IT7网络, Date: None, Delay: 35 ms, Speed: 18.67 M/s, Resolution: 1920x1080
Name: CCTV-14, URL: https://iptv.catvod.com/catvod?id=CCTV14&line=8, From: subscribe, IPv_Type: ipv4, Location: 美国-加利福尼亚州-洛杉矶, ISP: IT7网络, Date: None, Delay: 32 ms, Speed: 17.21 M/s, Resolution: 1920x1080
Name: CCTV-14, URL: https://iptv.catvod.com/catvod?id=CCTV14&line=1, From: subscribe, IPv_Type: ipv4, Location: 美国-加利福尼亚州-洛杉矶, ISP: IT7网络, Date: None, Delay: 35 ms, Speed: 16.78 M/s, Resolution: 1920x1080
Name: CCTV-14, URL: https://iptv.catvod.com/catvod?id=CCTV14&line=3, From: subscribe, IPv_Type: ipv4, Location: 美国-加利福尼亚州-洛杉矶, ISP: IT7网络, Date: None, Delay: 42 ms, Speed: 15.92 M/s, Resolution: 1920x1080
Name: CCTV-14, URL: https://iptv.catvod.com/catvod?id=CCTV14&line=4, From: subscribe, IPv_Type: ipv4, Location: 美国-加利福尼亚州-洛杉矶, ISP: IT7网络, Date: None, Delay: 61 ms, Speed: 11.23 M/s, Resolution: 1920x1080
Name: CCTV-14, URL: https://iptv.catvod.com/catvod?id=CCTV14&line=6, From: subscribe, IPv_Type: ipv4, Location: 美国-加利福尼亚州-洛杉矶, ISP: IT7网络, Date: None, Delay: 59 ms, Speed: 10.14 M/s, Resolution: 1920x1080
Name: CCTV-14, URL: https://iptv.catvod.com/catvod?id=CCTV14&line=7, From: subscribe, IPv_Type: ipv4, Location: 美国-加利福尼亚州-洛杉矶, ISP: IT7网络, Date: None, Delay: 57 ms, Speed: 10.13 M/s, Resolution: 1920x1080
Name: CCTV-14, URL: https://iptv.catvod.com/catvod?id=CCTV14&line=5, From: subscribe, IPv_Type: ipv4, Location: 美国-加利福尼亚州-洛杉矶, ISP: IT7网络, Date: None, Delay: 59 ms, Speed: 9.94 M/s, Resolution: 1920x1080
Name: CCTV-14, URL: https://live.264788.xyz/channel/cctv14?streamid=8f369d689a4dd78055143e69e32ce6d8&livekey=01WgOR41rriMmMkzNsd0UoaxJRwetZdxIvtVk, From: subscribe, IPv_Type: ipv4, Location: 美国, ISP: CloudFlare节点, Date: None, Delay: 212 ms, Speed: 0.00 M/s, Resolution: 720x576
Name: CCTV-14, URL: https://live.264788.xyz/channel/cctv14?streamid=cabc817805412b81748c942b2dcb39c5&livekey=01WgOR41rriMmMkzNsd0UoaxJRwetZdxIvtVk, From: subscribe, IPv_Type: ipv4, Location: 美国, ISP: CloudFlare节点, Date: None, Delay: 391 ms, Speed: 0.00 M/s, Resolution: None
Name: CCTV-15, URL: https://live.264788.xyz/channel/cctv15?streamid=57de0bed5d834945e7cc8c1b36fc7cc1&livekey=01WgOR41rriMmMkzNsd0UoaxJRwetZdxIvtVk, From: subscribe, IPv_Type: ipv4, Location: 美国, ISP: CloudFlare节点, Date: None, Delay: 48 ms, Speed: 76.43 M/s, Resolution: 720x576
Name: CCTV-15, URL: https://live.264788.xyz/channel/cctv15?streamid=b4f89c876ad7c8ac4af8056de8e12c84&livekey=01WgOR41rriMmMkzNsd0UoaxJRwetZdxIvtVk, From: subscribe, IPv_Type: ipv4, Location: 美国, ISP: CloudFlare节点, Date: None, Delay: 77 ms, Speed: 46.67 M/s, Resolution: None
Name: CCTV-15, URL: https://live.264788.xyz/channel/cctv15?streamid=6d7a6859e22aa51e7c09b29a9f1848d7&livekey=01WgOR41rriMmMkzNsd0UoaxJRwetZdxIvtVk, From: subscribe, IPv_Type: ipv4, Location: 美国, ISP: CloudFlare节点, Date: None, Delay: 83 ms, Speed: 42.55 M/s, Resolution: 720x576
Name: CCTV-15, URL: https://iptv.catvod.com/catvod?id=CCTV15%E9%9F%B3%E4%B9%90&line=1, From: subscribe, IPv_Type: ipv4, Location: 美国-加利福尼亚州-洛杉矶, ISP: IT7网络, Date: None, Delay: 31 ms, Speed: 18.61 M/s, Resolution: 1920x1080
Name: CCTV-15, URL: https://iptv.catvod.com/catvod?id=CCTV15&line=4, From: subscribe, IPv_Type: ipv4, Location: 美国-加利福尼亚州-洛杉矶, ISP: IT7网络, Date: None, Delay: 32 ms, Speed: 18.40 M/s, Resolution: 1920x1080
Name: CCTV-15, URL: https://iptv.catvod.com/catvod?id=CCTV15&line=6, From: subscribe, IPv_Type: ipv4, Location: 美国-加利福尼亚州-洛杉矶, ISP: IT7网络, Date: None, Delay: 43 ms, Speed: 12.26 M/s, Resolution: 1920x1080
Name: CCTV-15, URL: https://iptv.catvod.com/catvod?id=CCTV15&line=7, From: subscribe, IPv_Type: ipv4, Location: 美国-加利福尼亚州-洛杉矶, ISP: IT7网络, Date: None, Delay: 43 ms, Speed: 11.91 M/s, Resolution: 1920x1080
Name: CCTV-15, URL: https://iptv.catvod.com/catvod?id=CCTV15&line=5, From: subscribe, IPv_Type: ipv4, Location: 美国-加利福尼亚州-洛杉矶, ISP: IT7网络, Date: None, Delay: 53 ms, Speed: 9.92 M/s, Resolution: 1920x1080
Name: CCTV-15, URL: https://live.264788.xyz/channel/cctv15?streamid=6cb793152bc3feaeb0d36b1f78734e29&livekey=01WgOR41rriMmMkzNsd0UoaxJRwetZdxIvtVk, From: subscribe, IPv_Type: ipv4, Location: 美国, ISP: CloudFlare节点, Date: None, Delay: 2823 ms, Speed: 8.10 M/s, Resolution: None
Name: CCTV-15, URL: https://live.264788.xyz/channel/cctv15?streamid=bf37f0c53142ac899540c9325d6ed531&livekey=01WgOR41rriMmMkzNsd0UoaxJRwetZdxIvtVk, From: subscribe, IPv_Type: ipv4, Location: 美国, ISP: CloudFlare节点, Date: None, Delay: 631 ms, Speed: 0.00 M/s, Resolution: None
Name: CCTV-16, URL: https://iptv.catvod.com/catvod?id=CCTV16&line=1, From: subscribe, IPv_Type: ipv4, Location: 美国-加利福尼亚州-洛杉矶, ISP: IT7网络, Date: None, Delay: 27 ms, Speed: 20.83 M/s, Resolution: 1920x1080
Name: CCTV-16, URL: https://iptv.catvod.com/catvod?id=CCTV16&line=2, From: subscribe, IPv_Type: ipv4, Location: 美国-加利福尼亚州-洛杉矶, ISP: IT7网络, Date: None, Delay: 30 ms, Speed: 19.03 M/s, Resolution: 1920x1080
Name: CCTV-16, URL: http://207.56.13.146:81/cdnlive/cctv16.m3u8, From: subscribe, IPv_Type: ipv4, Location: 美国-科罗拉多州, ISP: NTT(美国)通信公司, Date: None, Delay: 824 ms, Speed: 5.68 M/s, Resolution: 1920x1080
Name: CCTV-16, URL: https://live.264788.xyz/channel/cctv16?streamid=d1ef1cb15a9781aecd1fa91d03ab41ac&livekey=01WgOR41rriMmMkzNsd0UoaxJRwetZdxIvtVk, From: subscribe, IPv_Type: ipv4, Location: 美国, ISP: CloudFlare节点, Date: None, Delay: 218 ms, Speed: 0.00 M/s, Resolution: 1920x1080
Name: CCTV-16, URL: https://live.264788.xyz/channel/cctv16?streamid=d8dbfb7e9b4e78fc73baf57e7b53ced6&livekey=01WgOR41rriMmMkzNsd0UoaxJRwetZdxIvtVk, From: subscribe, IPv_Type: ipv4, Location: 美国, ISP: CloudFlare节点, Date: None, Delay: 218 ms, Speed: 0.00 M/s, Resolution: 1920x1080
Name: CCTV-16, URL: https://live.264788.xyz/channel/cctv16?streamid=cc85018b83212f71155d47ecd19d745e&livekey=01WgOR41rriMmMkzNsd0UoaxJRwetZdxIvtVk, From: subscribe, IPv_Type: ipv4, Location: 美国, ISP: CloudFlare节点, Date: None, Delay: 272 ms, Speed: 0.00 M/s, Resolution: 1920x1080
Name: CCTV-17, URL: https://live.264788.xyz/channel/cctv17?streamid=cf99265df4dc15e2663266667c46ddf7&livekey=01WgOR41rriMmMkzNsd0UoaxJRwetZdxIvtVk, From: subscribe, IPv_Type: ipv4, Location: 美国, ISP: CloudFlare节点, Date: None, Delay: 538 ms, Speed: 44.39 M/s, Resolution: None
Name: CCTV-17, URL: https://iptv.catvod.com/catvod?id=CCTV17&line=6, From: subscribe, IPv_Type: ipv4, Location: 美国-加利福尼亚州-洛杉矶, ISP: IT7网络, Date: None, Delay: 30 ms, Speed: 19.82 M/s, Resolution: 1920x1080
Name: CCTV-17, URL: https://iptv.catvod.com/catvod?id=CCTV17&line=3, From: subscribe, IPv_Type: ipv4, Location: 美国-加利福尼亚州-洛杉矶, ISP: IT7网络, Date: None, Delay: 29 ms, Speed: 19.02 M/s, Resolution: 1920x1080
Name: CCTV-17, URL: https://iptv.catvod.com/catvod?id=CCTV17&line=4, From: subscribe, IPv_Type: ipv4, Location: 美国-加利福尼亚州-洛杉矶, ISP: IT7网络, Date: None, Delay: 30 ms, Speed: 18.96 M/s, Resolution: 1920x1080
Name: CCTV-17, URL: https://iptv.catvod.com/catvod?id=CCTV17&line=7, From: subscribe, IPv_Type: ipv4, Location: 美国-加利福尼亚州-洛杉矶, ISP: IT7网络, Date: None, Delay: 41 ms, Speed: 14.54 M/s, Resolution: 1920x1080
Name: CCTV-17, URL: https://live.264788.xyz/channel/cctv17?streamid=12e368efbd799e724c61530988786b16&livekey=01WgOR41rriMmMkzNsd0UoaxJRwetZdxIvtVk, From: subscribe, IPv_Type: ipv4, Location: 美国, ISP: CloudFlare节点, Date: None, Delay: 219 ms, Speed: 0.00 M/s, Resolution: None
Name: CETV-3, URL: http://107.150.60.122/live/cetv3.m3u8, From: subscribe, IPv_Type: ipv4, Location: 美国-密苏里州-杰克逊县, ISP: NOCIX数据中心, Date: None, Delay: 325 ms, Speed: 1.06 M/s, Resolution: 720x576
Name: CETV-3, URL: http://183.220.107.138:4022/rtp/239.11.0.247:5140, From: subscribe, IPv_Type: ipv4, Location: 中国-四川-成都, ISP: 移动, Date: None, Delay: 398 ms, Speed: 0.10 M/s, Resolution: 720x576
Name: 文化精品, URL: http://38.75.136.137:98/gslb/dsdqpub/ysjp.m3u8?auth=testpub, From: subscribe, IPv_Type: ipv4, Location: 美国-伊利诺伊州-库克, ISP: Cogent, Date: None, Delay: 2214 ms, Speed: 2.05 M/s, Resolution: 1920x1080
Name: 文化精品, URL: http://107.150.60.122/live/ysjp.m3u8, From: subscribe, IPv_Type: ipv4, Location: 美国-密苏里州-杰克逊县, ISP: NOCIX数据中心, Date: None, Delay: 404 ms, Speed: 1.21 M/s, Resolution: 1920x1080
Name: 央视台球, URL: http://38.75.136.137:98/gslb/dsdqpub/ystq.m3u8?auth=testpub, From: subscribe, IPv_Type: ipv4, Location: 美国-伊利诺伊州-库克, ISP: Cogent, Date: None, Delay: 10660 ms, Speed: 0.82 M/s, Resolution: 1920x1080
Name: 风云音乐, URL: http://38.75.136.137:98/gslb/dsdqpub/fyyy.m3u8?auth=testpub, From: subscribe, IPv_Type: ipv4, Location: 美国-伊利诺伊州-库克, ISP: Cogent, Date: None, Delay: 951 ms, Speed: 4.54 M/s, Resolution: 1920x1080
Name: 风云音乐, URL: http://107.150.60.122/live/fyyy.m3u8, From: subscribe, IPv_Type: ipv4, Location: 美国-密苏里州-杰克逊县, ISP: NOCIX数据中心, Date: None, Delay: 400 ms, Speed: 1.47 M/s, Resolution: 1920x1080
Name: 第一剧场, URL: http://107.150.60.122/live/dyjc.m3u8, From: subscribe, IPv_Type: ipv4, Location: 美国-密苏里州-杰克逊县, ISP: NOCIX数据中心, Date: None, Delay: 338 ms, Speed: 1.05 M/s, Resolution: 1920x1080
Name: 第一剧场, URL: http://175.178.232.13:16888/api/htuiliu.php?exp=08cf2a85bb499c832add0cc51fc18517&ip=106.226.94.180&id=b46db1b6c54feb9c52d6164fc90ab8caf1b34add41fc1ca2ae1d23a63b39da4b, From: subscribe, IPv_Type: ipv4, Location: 中国-广东-广州, ISP: 腾讯云, Date: None, Delay: 106 ms, Speed: 0.72 M/s, Resolution: 1920x1080
Name: 第一剧场, URL: https://epg.pw/stream/6d7bf281e3d739806a73f5373acaa6e01988ec9739f5ac1355ce54b47a928472.m3u8, From: subscribe, IPv_Type: ipv6, Location: 美国, ISP: CloudFlare Inc., Date: None, Delay: 1571 ms, Speed: 0.43 M/s, Resolution: 1280x720
Name: 第一剧场, URL: http://175.178.232.13:16888/api/htuiliu.php?exp=08cf2a85bb499c832add0cc51fc18517&ip=106.226.94.180&id=1ea846b9434f5643d5946fe9a80ec1c9e055fe9815affaa07ceb6c53dcdae582, From: subscribe, IPv_Type: ipv4, Location: 中国-广东-广州, ISP: 腾讯云, Date: None, Delay: 387 ms, Speed: 0.37 M/s, Resolution: 1280x720
Name: 女性时尚, URL: http://207.56.13.146:81/cdnlive/nxss.m3u8, From: subscribe, IPv_Type: ipv4, Location: 美国-科罗拉多州, ISP: NTT(美国)通信公司, Date: None, Delay: 638 ms, Speed: 3.52 M/s, Resolution: 1920x1080
Name: 女性时尚, URL: http://38.75.136.137:98/gslb/dsdqpub/nxss.m3u8?auth=testpub, From: subscribe, IPv_Type: ipv4, Location: 美国-伊利诺伊州-库克, ISP: Cogent, Date: None, Delay: 6257 ms, Speed: 1.29 M/s, Resolution: 1920x1080
Name: 高尔夫网球, URL: http://183.220.107.138:4022/rtp/239.10.0.224:5140, From: subscribe, IPv_Type: ipv4, Location: 中国-四川-成都, ISP: 移动, Date: None, Delay: 384 ms, Speed: 0.09 M/s, Resolution: 1920x1080
Name: 电视指南, URL: http://38.75.136.137:98/gslb/dsdqpub/dszn.m3u8?auth=testpub, From: subscribe, IPv_Type: ipv4, Location: 美国-伊利诺伊州-库克, ISP: Cogent, Date: None, Delay: 1513 ms, Speed: 2.92 M/s, Resolution: 1920x1080
Name: 世界地理, URL: https://shcm-stream-cf1.stream.264788.xyz/cms001/ch00000090990000001620/index.m3u8?streamid=8a034b40397504e25b3775c772237996&streamkey=01vY5fRxC8VyKg4oq30vfikHXTCAKySLP29l6OG91kQlzDttHgzNLkUw5kivm3PfNsVHJv5FgdsPBYFYI2IWpt7tfRCuFHqLT2pvX67ubMds8jl2DHtvOh0&token=1775754349-4f33f4f84a4abeba-0-91687dc8c9325092efa1d00f330d2710, From: subscribe, IPv_Type: ipv4, Location: 美国, ISP: CloudFlare节点, Date: None, Delay: 793 ms, Speed: 34.61 M/s, Resolution: None
Name: 世界地理, URL: http://107.150.60.122/live/sjdl.m3u8, From: subscribe, IPv_Type: ipv4, Location: 美国-密苏里州-杰克逊县, ISP: NOCIX数据中心, Date: None, Delay: 386 ms, Speed: 1.26 M/s, Resolution: 1920x1080
Name: 兵器科技, URL: http://38.75.136.137:98/gslb/dsdqpub/gfjs.m3u8?auth=testpub, From: subscribe, IPv_Type: ipv4, Location: 美国-伊利诺伊州-库克, ISP: Cogent, Date: None, Delay: 2183 ms, Speed: 3.30 M/s, Resolution: 1920x1080
Name: 广东卫视, URL: https://live.264788.xyz/channel/guangdongweishi?streamid=c56d46d73457533e94deb4c1049a7767&livekey=01WgOR41rriMmMkzNsd0UoaxJRwetZdxIvtVk, From: subscribe, IPv_Type: ipv4, Location: 美国, ISP: CloudFlare节点, Date: None, Delay: 116 ms, Speed: 116.61 M/s, Resolution: 1920x1080
Name: 广东卫视, URL: https://live.264788.xyz/channel/guangdongweishi?streamid=517b09b16a431a5fa7dbe1935d7a2400&livekey=01WgOR41rriMmMkzNsd0UoaxJRwetZdxIvtVk, From: subscribe, IPv_Type: ipv4, Location: 美国, ISP: CloudFlare节点, Date: None, Delay: 509 ms, Speed: 52.73 M/s, Resolution: 1920x1080
Name: 广东卫视, URL: http://207.56.13.146:81/cdnlive/gdws.m3u8, From: subscribe, IPv_Type: ipv4, Location: 美国-科罗拉多州, ISP: NTT(美国)通信公司, Date: None, Delay: 866 ms, Speed: 5.18 M/s, Resolution: 1920x1080
Name: 浙江卫视, URL: https://live.264788.xyz/channel/zhejiangweishi?streamid=c754d2f5e3d33c503db0ce40bf7ebae7&livekey=01WgOR41rriMmMkzNsd0UoaxJRwetZdxIvtVk, From: subscribe, IPv_Type: ipv4, Location: 美国, ISP: CloudFlare节点, Date: None, Delay: 189 ms, Speed: 28.63 M/s, Resolution: 720x576
Name: 浙江卫视, URL: https://live.264788.xyz/channel/zhejiangweishi?streamid=59c87a5e81a0f7a4fb49e7efc361e6ed&livekey=01WgOR41rriMmMkzNsd0UoaxJRwetZdxIvtVk, From: subscribe, IPv_Type: ipv4, Location: 美国, ISP: CloudFlare节点, Date: None, Delay: 614 ms, Speed: 19.28 M/s, Resolution: None
Name: 浙江卫视, URL: https://live.264788.xyz/channel/zhejiangweishi?streamid=fd3b4ddfd1dabea05102cd13ed0320c1&livekey=01WgOR41rriMmMkzNsd0UoaxJRwetZdxIvtVk, From: subscribe, IPv_Type: ipv4, Location: 美国, ISP: CloudFlare节点, Date: None, Delay: 983 ms, Speed: 10.34 M/s, Resolution: None
Name: 浙江卫视, URL: http://207.56.13.146:81/cdnlive/zjws.m3u8, From: subscribe, IPv_Type: ipv4, Location: 美国-科罗拉多州, ISP: NTT(美国)通信公司, Date: None, Delay: 846 ms, Speed: 4.80 M/s, Resolution: 1920x1080
Name: 浙江卫视, URL: https://live.264788.xyz/channel/zhejiangweishi?streamid=f5e7e8c75bba6951ba709e8a46ff2772&livekey=01WgOR41rriMmMkzNsd0UoaxJRwetZdxIvtVk, From: subscribe, IPv_Type: ipv4, Location: 美国, ISP: CloudFlare节点, Date: None, Delay: 214 ms, Speed: 0.00 M/s, Resolution: None
Name: 浙江卫视, URL: https://live.264788.xyz/channel/zhejiangweishi?streamid=49b6a54b3a44f0e3fbfc565427d4615d&livekey=01WgOR41rriMmMkzNsd0UoaxJRwetZdxIvtVk, From: subscribe, IPv_Type: ipv4, Location: 美国, ISP: CloudFlare节点, Date: None, Delay: 229 ms, Speed: 0.00 M/s, Resolution: 720x576
Name: 湖南卫视, URL: https://live.264788.xyz/channel/hunanweishi?streamid=3a2f9c81b8b580f1303e333f855c5f54&livekey=01WgOR41rriMmMkzNsd0UoaxJRwetZdxIvtVk, From: subscribe, IPv_Type: ipv4, Location: 美国, ISP: CloudFlare节点, Date: None, Delay: 296 ms, Speed: 68.47 M/s, Resolution: 1920x1080
Name: 湖南卫视, URL: https://live.264788.xyz/channel/hunanweishi?streamid=e9d82e727780e80a83d0225fa0fa8dfe&livekey=01WgOR41rriMmMkzNsd0UoaxJRwetZdxIvtVk, From: subscribe, IPv_Type: ipv4, Location: 美国, ISP: CloudFlare节点, Date: None, Delay: 279 ms, Speed: 45.51 M/s, Resolution: None
Name: 湖南卫视, URL: https://live.264788.xyz/channel/hunanweishi?streamid=55aa70b744ce4863ca4f21755ce7821f&livekey=01WgOR41rriMmMkzNsd0UoaxJRwetZdxIvtVk, From: subscribe, IPv_Type: ipv4, Location: 美国, ISP: CloudFlare节点, Date: None, Delay: 303 ms, Speed: 45.34 M/s, Resolution: 1920x1080
Name: 湖南卫视, URL: https://iptv.catvod.com/catvod?id=%E6%B9%96%E5%8D%97%E5%8D%AB%E8%A7%86&line=1, From: subscribe, IPv_Type: ipv4, Location: 美国-加利福尼亚州-洛杉矶, ISP: IT7网络, Date: None, Delay: 32 ms, Speed: 17.85 M/s, Resolution: 1920x1080
Name: 湖南卫视, URL: https://live.264788.xyz/channel/hunanweishi?streamid=0828c5c3517aef9c72343736b2d9d1f9&livekey=01WgOR41rriMmMkzNsd0UoaxJRwetZdxIvtVk, From: subscribe, IPv_Type: ipv4, Location: 美国, ISP: CloudFlare节点, Date: None, Delay: 377 ms, Speed: 15.72 M/s, Resolution: None
Name: 湖南卫视, URL: https://iptv.catvod.com/catvod?id=%E6%B9%96%E5%8D%97%E5%8D%AB%E8%A7%86&line=2, From: subscribe, IPv_Type: ipv4, Location: 美国-加利福尼亚州-洛杉矶, ISP: IT7网络, Date: None, Delay: 53 ms, Speed: 13.20 M/s, Resolution: 1920x1080
Name: 湖南卫视, URL: https://iptv.catvod.com/catvod?id=%E6%B9%96%E5%8D%97%E5%8D%AB%E8%A7%86&line=4, From: subscribe, IPv_Type: ipv4, Location: 美国-加利福尼亚州-洛杉矶, ISP: IT7网络, Date: None, Delay: 50 ms, Speed: 12.35 M/s, Resolution: 1920x1080
Name: 湖南卫视, URL: https://iptv.catvod.com/catvod?id=%E6%B9%96%E5%8D%97%E5%8D%AB%E8%A7%86&line=3, From: subscribe, IPv_Type: ipv4, Location: 美国-加利福尼亚州-洛杉矶, ISP: IT7网络, Date: None, Delay: 53 ms, Speed: 12.21 M/s, Resolution: 1920x1080
Name: 湖南卫视, URL: http://satellitepull.cnr.cn/live/wx32hunws/playlist.m3u8, From: subscribe, IPv_Type: ipv4, Location: 美国-伊利诺伊州-库克, ISP: 网宿CDN节点, Date: None, Delay: 34 ms, Speed: 2.73 M/s, Resolution: None
Name: 湖南卫视, URL: https://live.264788.xyz/channel/hunanweishi?streamid=763a3d2b96259ea95b79897ae6de248d&livekey=01WgOR41rriMmMkzNsd0UoaxJRwetZdxIvtVk, From: subscribe, IPv_Type: ipv4, Location: 美国, ISP: CloudFlare节点, Date: None, Delay: 651 ms, Speed: 0.00 M/s, Resolution: 1920x1080
Name: 北京卫视, URL: https://iptv.catvod.com/catvod?id=%E5%8C%97%E4%BA%AC%E5%8D%AB%E8%A7%86&line=6, From: subscribe, IPv_Type: ipv4, Location: 美国-加利福尼亚州-洛杉矶, ISP: IT7网络, Date: None, Delay: 94 ms, Speed: 7.20 M/s, Resolution: 1920x1080
Name: 北京卫视, URL: http://207.56.13.146:81/cdnlive/bjws.m3u8, From: subscribe, IPv_Type: ipv4, Location: 美国-科罗拉多州, ISP: NTT(美国)通信公司, Date: None, Delay: 889 ms, Speed: 4.32 M/s, Resolution: 1920x1080
Name: 北京卫视, URL: http://satellitepull.cnr.cn/live/wxbtv/playlist.m3u8, From: subscribe, IPv_Type: ipv4, Location: 美国-德克萨斯州-达拉斯, ISP: 网宿科技CDN节点, Date: None, Delay: 60 ms, Speed: 1.79 M/s, Resolution: None
Name: 湖北卫视, URL: https://live.264788.xyz/channel/hubeiweishi?streamid=3178da013d951c658209016c1fb875ad&livekey=01WgOR41rriMmMkzNsd0UoaxJRwetZdxIvtVk, From: subscribe, IPv_Type: ipv4, Location: 美国, ISP: CloudFlare节点, Date: None, Delay: 746 ms, Speed: 14.03 M/s, Resolution: None
Name: 黑龙江卫视, URL: https://live.264788.xyz/channel/heilongjiangweishi?streamid=27c452e19181479d8226837b53a1a598&livekey=01WgOR41rriMmMkzNsd0UoaxJRwetZdxIvtVk, From: subscribe, IPv_Type: ipv4, Location: 美国, ISP: CloudFlare节点, Date: None, Delay: 543 ms, Speed: 53.24 M/s, Resolution: 1920x1080
Name: 黑龙江卫视, URL: https://live.264788.xyz/channel/heilongjiangweishi?streamid=43810153d9094bbea29e4ee654e3b919&livekey=01WgOR41rriMmMkzNsd0UoaxJRwetZdxIvtVk, From: subscribe, IPv_Type: ipv4, Location: 美国, ISP: CloudFlare节点, Date: None, Delay: 1023 ms, Speed: 26.11 M/s, Resolution: None
Name: 黑龙江卫视, URL: https://live.264788.xyz/channel/heilongjiangweishi?streamid=af948f073fa99b226abb4c2ea63410da&livekey=01WgOR41rriMmMkzNsd0UoaxJRwetZdxIvtVk, From: subscribe, IPv_Type: ipv4, Location: 美国, ISP: CloudFlare节点, Date: None, Delay: 1093 ms, Speed: 21.17 M/s, Resolution: 1920x1080
Name: 黑龙江卫视, URL: http://207.56.13.146:81/cdnlive/hljws.m3u8, From: subscribe, IPv_Type: ipv4, Location: 美国-科罗拉多州, ISP: NTT(美国)通信公司, Date: None, Delay: 769 ms, Speed: 5.70 M/s, Resolution: 1920x1080
Name: 黑龙江卫视, URL: http://l.cztvcloud.com/channels/lantian/SXyuyao3/720p.m3u8, From: subscribe, IPv_Type: ipv4, Location: 中国-江苏-南通, ISP: 电信, Date: None, Delay: 3467 ms, Speed: 0.47 M/s, Resolution: 720x576
Name: 黑龙江卫视, URL: https://live.264788.xyz/channel/heilongjiangweishi?streamid=5bc0f34437d76466e8ce387d3b8debbd&livekey=01WgOR41rriMmMkzNsd0UoaxJRwetZdxIvtVk, From: subscribe, IPv_Type: ipv4, Location: 美国, ISP: CloudFlare节点, Date: None, Delay: 224 ms, Speed: 0.00 M/s, Resolution: None
Name: 安徽卫视, URL: https://live.264788.xyz/channel/anhuiweishi?streamid=cd2aa71eb7ee9609b9cd182fa1ed7fc0&livekey=01WgOR41rriMmMkzNsd0UoaxJRwetZdxIvtVk, From: subscribe, IPv_Type: ipv4, Location: 美国, ISP: CloudFlare节点, Date: None, Delay: 181 ms, Speed: 67.08 M/s, Resolution: None
Name: 安徽卫视, URL: https://live.264788.xyz/channel/anhuiweishi?streamid=a71db09d6da162eb65f7f918f3a4178c&livekey=01WgOR41rriMmMkzNsd0UoaxJRwetZdxIvtVk, From: subscribe, IPv_Type: ipv4, Location: 美国, ISP: CloudFlare节点, Date: None, Delay: 497 ms, Speed: 63.80 M/s, Resolution: None
Name: 安徽卫视, URL: https://live.264788.xyz/channel/anhuiweishi?streamid=16954d54656b5b53a77b37ae4aa4d1e6&livekey=01WgOR41rriMmMkzNsd0UoaxJRwetZdxIvtVk, From: subscribe, IPv_Type: ipv4, Location: 美国, ISP: CloudFlare节点, Date: None, Delay: 1316 ms, Speed: 29.28 M/s, Resolution: None
Name: 安徽卫视, URL: https://live.264788.xyz/channel/anhuiweishi?streamid=6ad47f6ad8c42aa9e08a751bed820b1c&livekey=01WgOR41rriMmMkzNsd0UoaxJRwetZdxIvtVk, From: subscribe, IPv_Type: ipv4, Location: 美国, ISP: CloudFlare节点, Date: None, Delay: 886 ms, Speed: 7.18 M/s, Resolution: None
Name: 安徽卫视, URL: http://207.56.13.146:81/cdnlive/ahws.m3u8, From: subscribe, IPv_Type: ipv4, Location: 美国-科罗拉多州, ISP: NTT(美国)通信公司, Date: None, Delay: 817 ms, Speed: 4.95 M/s, Resolution: 1920x1080
Name: 安徽卫视, URL: http://192.151.150.154/live/ahwshd.m3u8, From: subscribe, IPv_Type: ipv4, Location: 美国-密苏里州-杰克逊县, ISP: Datashack公司, Date: None, Delay: 2553 ms, Speed: 1.59 M/s, Resolution: 1920x1080
Name: 安徽卫视, URL: https://live.264788.xyz/channel/anhuiweishi?streamid=b6434e5bd6899466846bd37f7c67a1f4&livekey=01WgOR41rriMmMkzNsd0UoaxJRwetZdxIvtVk, From: subscribe, IPv_Type: ipv4, Location: 美国, ISP: CloudFlare节点, Date: None, Delay: 230 ms, Speed: 0.00 M/s, Resolution: None
Name: 重庆卫视, URL: https://live.264788.xyz/channel/chongqingweishi?streamid=a70f858363ae250a4fbf283111a42054&livekey=01WgOR41rriMmMkzNsd0UoaxJRwetZdxIvtVk, From: subscribe, IPv_Type: ipv4, Location: 美国, ISP: CloudFlare节点, Date: None, Delay: 1295 ms, Speed: 14.02 M/s, Resolution: 1920x1080
Name: 东方卫视, URL: http://bp-resource-dfl.bestv.cn/148/3/video.m3u8, From: subscribe, IPv_Type: ipv4, Location: 美国-加利福尼亚州-洛杉矶, ISP: Level3, Date: None, Delay: 67 ms, Speed: 36.20 M/s, Resolution: 1920x1080
Name: 东方卫视, URL: http://38.75.136.137:98/gslb/dsdqbv/dfwshd.m3u8?auth=test20251009, From: subscribe, IPv_Type: ipv4, Location: 美国-伊利诺伊州-库克, ISP: Cogent, Date: None, Delay: 1478 ms, Speed: 3.01 M/s, Resolution: 1920x1080
Name: 东南卫视, URL: https://live.264788.xyz/channel/dongnanweishi?streamid=edd28764848639e732d8b016f237f1c6&livekey=01WgOR41rriMmMkzNsd0UoaxJRwetZdxIvtVk, From: subscribe, IPv_Type: ipv4, Location: 美国, ISP: CloudFlare节点, Date: None, Delay: 57 ms, Speed: 64.90 M/s, Resolution: None
Name: 东南卫视, URL: https://live.264788.xyz/channel/dongnanweishi?streamid=5cbcc37158fa5ffca07dc961520c40d9&livekey=01WgOR41rriMmMkzNsd0UoaxJRwetZdxIvtVk, From: subscribe, IPv_Type: ipv4, Location: 美国, ISP: CloudFlare节点, Date: None, Delay: 226 ms, Speed: 37.42 M/s, Resolution: None
Name: 东南卫视, URL: http://live.zohi.tv/video/s10001-fztv-3/index.m3u8, From: subscribe, IPv_Type: ipv6, Location: 中国, ISP: 中国电信, Date: None, Delay: 1497 ms, Speed: 0.26 M/s, Resolution: 1920x1080
Name: 东南卫视, URL: https://live.264788.xyz/channel/dongnanweishi?streamid=9f7e5a5075f9b78b82fcba50d90ede63&livekey=01WgOR41rriMmMkzNsd0UoaxJRwetZdxIvtVk, From: subscribe, IPv_Type: ipv4, Location: 美国, ISP: CloudFlare节点, Date: None, Delay: 308 ms, Speed: 0.00 M/s, Resolution: None
Name: 甘肃卫视, URL: https://live.264788.xyz/channel/gansuweishi?streamid=14e80bbc950736ab9b3f425be0eac464&livekey=01WgOR41rriMmMkzNsd0UoaxJRwetZdxIvtVk, From: subscribe, IPv_Type: ipv4, Location: 美国, ISP: CloudFlare节点, Date: None, Delay: 57 ms, Speed: 68.53 M/s, Resolution: None
Name: 甘肃卫视, URL: https://live.264788.xyz/channel/gansuweishi?streamid=0f9c89dc7cf036736214c8f50951fcfe&livekey=01WgOR41rriMmMkzNsd0UoaxJRwetZdxIvtVk, From: subscribe, IPv_Type: ipv4, Location: 美国, ISP: CloudFlare节点, Date: None, Delay: 65 ms, Speed: 66.10 M/s, Resolution: 720x576
Name: 甘肃卫视, URL: https://live.264788.xyz/channel/gansuweishi?streamid=7e5725bd0fd11e1838df3be9dcf1ecc9&livekey=01WgOR41rriMmMkzNsd0UoaxJRwetZdxIvtVk, From: subscribe, IPv_Type: ipv4, Location: 美国, ISP: CloudFlare节点, Date: None, Delay: 58 ms, Speed: 65.73 M/s, Resolution: 720x576
Name: 甘肃卫视, URL: https://live.264788.xyz/channel/gansuweishi?streamid=1a138e550cc9a42a93bd999c5e2e4f06&livekey=01WgOR41rriMmMkzNsd0UoaxJRwetZdxIvtVk, From: subscribe, IPv_Type: ipv4, Location: 美国, ISP: CloudFlare节点, Date: None, Delay: 354 ms, Speed: 26.97 M/s, Resolution: None
Name: 甘肃卫视, URL: http://63.141.230.178:82/gslb/zbdq5.m3u8?id=gswshd, From: subscribe, IPv_Type: ipv4, Location: 美国, ISP: , Date: None, Delay: 661 ms, Speed: 4.94 M/s, Resolution: 1920x1080
Name: 甘肃卫视, URL: https://live.264788.xyz/channel/gansuweishi?streamid=466083ee6981dccb38d23b5556b27f6e&livekey=01WgOR41rriMmMkzNsd0UoaxJRwetZdxIvtVk, From: subscribe, IPv_Type: ipv4, Location: 美国, ISP: CloudFlare节点, Date: None, Delay: 322 ms, Speed: 0.00 M/s, Resolution: None
Name: 广西卫视, URL: https://live.264788.xyz/channel/guangxiweishi?streamid=a81b4873dad06cc9b37747c2fc479284&livekey=01WgOR41rriMmMkzNsd0UoaxJRwetZdxIvtVk, From: subscribe, IPv_Type: ipv4, Location: 美国, ISP: CloudFlare节点, Date: None, Delay: 65 ms, Speed: 60.13 M/s, Resolution: 720x576
Name: 广西卫视, URL: https://live.264788.xyz/channel/guangxiweishi?streamid=390c53f028cb41cd02b8456b2b2e1dab&livekey=01WgOR41rriMmMkzNsd0UoaxJRwetZdxIvtVk, From: subscribe, IPv_Type: ipv4, Location: 美国, ISP: CloudFlare节点, Date: None, Delay: 117 ms, Speed: 34.39 M/s, Resolution: None
Name: 广西卫视, URL: https://live.264788.xyz/channel/guangxiweishi?streamid=5a7989dc62848e4049ccd830423d1b71&livekey=01WgOR41rriMmMkzNsd0UoaxJRwetZdxIvtVk, From: subscribe, IPv_Type: ipv4, Location: 美国, ISP: CloudFlare节点, Date: None, Delay: 116 ms, Speed: 33.65 M/s, Resolution: None
Name: 广西卫视, URL: https://live.264788.xyz/channel/guangxiweishi?streamid=c8e847a8745033edc0153656ddc62c47&livekey=01WgOR41rriMmMkzNsd0UoaxJRwetZdxIvtVk, From: subscribe, IPv_Type: ipv4, Location: 美国, ISP: CloudFlare节点, Date: None, Delay: 1439 ms, Speed: 19.08 M/s, Resolution: None
Name: 广西卫视, URL: https://live.264788.xyz/channel/guangxiweishi?streamid=b8d44e8c47f0c0688b1e68b8e2c00b91&livekey=01WgOR41rriMmMkzNsd0UoaxJRwetZdxIvtVk, From: subscribe, IPv_Type: ipv4, Location: 美国, ISP: CloudFlare节点, Date: None, Delay: 229 ms, Speed: 0.00 M/s, Resolution: 720x576
Name: 广西卫视, URL: https://live.264788.xyz/channel/guangxiweishi?streamid=038a343487c52ef4d7c8f202064b4b24&livekey=01WgOR41rriMmMkzNsd0UoaxJRwetZdxIvtVk, From: subscribe, IPv_Type: ipv4, Location: 美国, ISP: CloudFlare节点, Date: None, Delay: 242 ms, Speed: 0.00 M/s, Resolution: None
Name: 贵州卫视, URL: https://live.264788.xyz/channel/guizhouweishi?streamid=30d96b04c45b2b8bce197c9a7b4077c5&livekey=01WgOR41rriMmMkzNsd0UoaxJRwetZdxIvtVk, From: subscribe, IPv_Type: ipv4, Location: 美国, ISP: CloudFlare节点, Date: None, Delay: 53 ms, Speed: 69.36 M/s, Resolution: None
Name: 贵州卫视, URL: https://live.264788.xyz/channel/guizhouweishi?streamid=bb5aed7d3b5069e2d8cb9368bd5cf5a4&livekey=01WgOR41rriMmMkzNsd0UoaxJRwetZdxIvtVk, From: subscribe, IPv_Type: ipv4, Location: 美国, ISP: CloudFlare节点, Date: None, Delay: 61 ms, Speed: 64.60 M/s, Resolution: None
Name: 贵州卫视, URL: https://live.264788.xyz/channel/guizhouweishi?streamid=091bd59ea031989839c23459bb8cc9d4&livekey=01WgOR41rriMmMkzNsd0UoaxJRwetZdxIvtVk, From: subscribe, IPv_Type: ipv4, Location: 美国, ISP: CloudFlare节点, Date: None, Delay: 522 ms, Speed: 59.72 M/s, Resolution: 1920x1080
Name: 贵州卫视, URL: https://live.264788.xyz/channel/guizhouweishi?streamid=945f02fddb4db44cda1509f4b8a3275a&livekey=01WgOR41rriMmMkzNsd0UoaxJRwetZdxIvtVk, From: subscribe, IPv_Type: ipv4, Location: 美国, ISP: CloudFlare节点, Date: None, Delay: 62 ms, Speed: 55.42 M/s, Resolution: None
Name: 贵州卫视, URL: https://live.264788.xyz/channel/guizhouweishi?streamid=17b3ab3511226a4bb37ec0596bd4a0a5&livekey=01WgOR41rriMmMkzNsd0UoaxJRwetZdxIvtVk, From: subscribe, IPv_Type: ipv4, Location: 美国, ISP: CloudFlare节点, Date: None, Delay: 73 ms, Speed: 49.90 M/s, Resolution: None
Name: 贵州卫视, URL: https://live.264788.xyz/channel/guizhouweishi?streamid=ad7d35e8babbb1be00f3da3939b21e05&livekey=01WgOR41rriMmMkzNsd0UoaxJRwetZdxIvtVk, From: subscribe, IPv_Type: ipv4, Location: 美国, ISP: CloudFlare节点, Date: None, Delay: 321 ms, Speed: 21.07 M/s, Resolution: 720x576
Name: 贵州卫视, URL: https://shcm-stream-cf1.stream.264788.xyz/cms001/ch00000090990000001184/index.m3u8?streamid=091bd59ea031989839c23459bb8cc9d4&streamkey=02BjlnRKVk4w1OimLNBUheOcwPFu2B6oL1pyXGnUypEwAWXSi5pA2M8vAAQNdTDwVOBg3wflpOJH2qUejFLrTdJs5UqkOuOhX0oeeOuZCXNP6xGvpxjLkvkGHVF&token=1775846394-f40678590315c3a3-0-795d5d8e9ef7cc7d142de1b17bf1df44, From: subscribe, IPv_Type: ipv4, Location: 美国, ISP: CloudFlare节点, Date: None, Delay: 224 ms, Speed: 0.00 M/s, Resolution: 1920x1080
Name: 贵州卫视, URL: https://live.264788.xyz/channel/guizhouweishi?streamid=01f707f6640e30898178fa804c82efe9&livekey=01WgOR41rriMmMkzNsd0UoaxJRwetZdxIvtVk, From: subscribe, IPv_Type: ipv4, Location: 美国, ISP: CloudFlare节点, Date: None, Delay: 233 ms, Speed: 0.00 M/s, Resolution: 720x576
Name: 海南卫视, URL: https://live.264788.xyz/channel/hainanweishi?streamid=ca8d591103c2814acc3d0a2fb10bdbd6&livekey=01WgOR41rriMmMkzNsd0UoaxJRwetZdxIvtVk, From: subscribe, IPv_Type: ipv4, Location: 美国, ISP: CloudFlare节点, Date: None, Delay: 52 ms, Speed: 71.46 M/s, Resolution: 720x576
Name: 海南卫视, URL: https://live.264788.xyz/channel/hainanweishi?streamid=e2f5fd351d358cfa4c8b8d5bcb6725a8&livekey=01WgOR41rriMmMkzNsd0UoaxJRwetZdxIvtVk, From: subscribe, IPv_Type: ipv4, Location: 美国, ISP: CloudFlare节点, Date: None, Delay: 60 ms, Speed: 66.62 M/s, Resolution: None
Name: 海南卫视, URL: https://live.264788.xyz/channel/hainanweishi?streamid=c6d5b63dbc2e2cee41663d959a984eab&livekey=01WgOR41rriMmMkzNsd0UoaxJRwetZdxIvtVk, From: subscribe, IPv_Type: ipv4, Location: 美国, ISP: CloudFlare节点, Date: None, Delay: 65 ms, Speed: 61.02 M/s, Resolution: 720x576
Name: 海南卫视, URL: https://live.264788.xyz/channel/hainanweishi?streamid=22a384055e4a94909e17012c852ac26d&livekey=01WgOR41rriMmMkzNsd0UoaxJRwetZdxIvtVk, From: subscribe, IPv_Type: ipv4, Location: 美国, ISP: CloudFlare节点, Date: None, Delay: 227 ms, Speed: 0.00 M/s, Resolution: 1920x1080
Name: 海南卫视, URL: https://live.264788.xyz/channel/hainanweishi?streamid=381740134eacf3b0876961bcef3249e2&livekey=01WgOR41rriMmMkzNsd0UoaxJRwetZdxIvtVk, From: subscribe, IPv_Type: ipv4, Location: 美国, ISP: CloudFlare节点, Date: None, Delay: 378 ms, Speed: 0.00 M/s, Resolution: 720x576
Name: 海南卫视, URL: https://live.264788.xyz/channel/hainanweishi?streamid=c0056307691771cf4adf3fcf3f54a006&livekey=01WgOR41rriMmMkzNsd0UoaxJRwetZdxIvtVk, From: subscribe, IPv_Type: ipv4, Location: 美国, ISP: CloudFlare节点, Date: None, Delay: 405 ms, Speed: 0.00 M/s, Resolution: 720x576
Name: 河北卫视, URL: https://live.264788.xyz/channel/hebeiweishi?streamid=bcb39b8f51cb4db22c2fd7627b677149&livekey=01WgOR41rriMmMkzNsd0UoaxJRwetZdxIvtVk, From: subscribe, IPv_Type: ipv4, Location: 美国, ISP: CloudFlare节点, Date: None, Delay: 58 ms, Speed: 63.60 M/s, Resolution: None
Name: 河北卫视, URL: https://live.264788.xyz/channel/hebeiweishi?streamid=01d478d44fe737acb1a6634cc26dd89c&livekey=01WgOR41rriMmMkzNsd0UoaxJRwetZdxIvtVk, From: subscribe, IPv_Type: ipv4, Location: 美国, ISP: CloudFlare节点, Date: None, Delay: 64 ms, Speed: 60.34 M/s, Resolution: None
Name: 河北卫视, URL: https://live.264788.xyz/channel/hebeiweishi?streamid=c623903495968308e1bd87ec273e46d2&livekey=01WgOR41rriMmMkzNsd0UoaxJRwetZdxIvtVk, From: subscribe, IPv_Type: ipv4, Location: 美国, ISP: CloudFlare节点, Date: None, Delay: 1237 ms, Speed: 24.37 M/s, Resolution: 1920x1080
Name: 河北卫视, URL: http://207.56.13.146:81/cdnlive/hews.m3u8, From: subscribe, IPv_Type: ipv4, Location: 美国-科罗拉多州, ISP: NTT(美国)通信公司, Date: None, Delay: 795 ms, Speed: 5.21 M/s, Resolution: 1920x1080
Name: 河南卫视, URL: https://live.264788.xyz/channel/henanweishi?streamid=de4caed9fca85dd3e98a6727a98c08ad&livekey=01WgOR41rriMmMkzNsd0UoaxJRwetZdxIvtVk, From: subscribe, IPv_Type: ipv4, Location: 美国, ISP: CloudFlare节点, Date: None, Delay: 66 ms, Speed: 64.04 M/s, Resolution: 720x576
Name: 河南卫视, URL: https://live.264788.xyz/channel/henanweishi?streamid=236ecef31b4ada45c617dc9c7aec3cd4&livekey=01WgOR41rriMmMkzNsd0UoaxJRwetZdxIvtVk, From: subscribe, IPv_Type: ipv4, Location: 美国, ISP: CloudFlare节点, Date: None, Delay: 65 ms, Speed: 63.48 M/s, Resolution: 720x576
Name: 河南卫视, URL: https://live.264788.xyz/channel/henanweishi?streamid=ec01ce8339ea6d74589696a9d4ded9c6&livekey=01WgOR41rriMmMkzNsd0UoaxJRwetZdxIvtVk, From: subscribe, IPv_Type: ipv4, Location: 美国, ISP: CloudFlare节点, Date: None, Delay: 212 ms, Speed: 42.39 M/s, Resolution: None
Name: 河南卫视, URL: https://live.264788.xyz/channel/henanweishi?streamid=dbf52e1b61eb6d2cc03d3c6ccf8153a8&livekey=01WgOR41rriMmMkzNsd0UoaxJRwetZdxIvtVk, From: subscribe, IPv_Type: ipv4, Location: 美国, ISP: CloudFlare节点, Date: None, Delay: 215 ms, Speed: 0.00 M/s, Resolution: None
Name: 河南卫视, URL: https://live.264788.xyz/channel/henanweishi?streamid=b839e612c7ab3a6dad2ff1103173b0c1&livekey=01WgOR41rriMmMkzNsd0UoaxJRwetZdxIvtVk, From: subscribe, IPv_Type: ipv4, Location: 美国, ISP: CloudFlare节点, Date: None, Delay: 231 ms, Speed: 0.00 M/s, Resolution: 720x576
Name: 河南卫视, URL: https://live.264788.xyz/channel/henanweishi?streamid=ffc9cbdd1791aa15a6321452d620baff&livekey=01WgOR41rriMmMkzNsd0UoaxJRwetZdxIvtVk, From: subscribe, IPv_Type: ipv4, Location: 美国, ISP: CloudFlare节点, Date: None, Delay: 301 ms, Speed: 0.00 M/s, Resolution: 720x576
Name: 河南卫视, URL: https://live.264788.xyz/channel/henanweishi?streamid=b08cc070cd8613ccaf17654f60883da8&livekey=01WgOR41rriMmMkzNsd0UoaxJRwetZdxIvtVk, From: subscribe, IPv_Type: ipv4, Location: 美国, ISP: CloudFlare节点, Date: None, Delay: 334 ms, Speed: 0.00 M/s, Resolution: 1920x1080
Name: 吉林卫视, URL: https://live.264788.xyz/channel/jilinweishi?streamid=40319f88308709dba3ae469d0f63002e&livekey=01WgOR41rriMmMkzNsd0UoaxJRwetZdxIvtVk, From: subscribe, IPv_Type: ipv4, Location: 美国, ISP: CloudFlare节点, Date: None, Delay: 57 ms, Speed: 66.35 M/s, Resolution: None
Name: 吉林卫视, URL: https://live.264788.xyz/channel/jilinweishi?streamid=3a5e52dadf63aa29839e641b0a25a563&livekey=01WgOR41rriMmMkzNsd0UoaxJRwetZdxIvtVk, From: subscribe, IPv_Type: ipv4, Location: 美国, ISP: CloudFlare节点, Date: None, Delay: 64 ms, Speed: 61.19 M/s, Resolution: None
Name: 吉林卫视, URL: https://live.264788.xyz/channel/jilinweishi?streamid=89b8aec95c4726014687767de658b6b9&livekey=01WgOR41rriMmMkzNsd0UoaxJRwetZdxIvtVk, From: subscribe, IPv_Type: ipv4, Location: 美国, ISP: CloudFlare节点, Date: None, Delay: 67 ms, Speed: 59.12 M/s, Resolution: None
Name: 吉林卫视, URL: https://live.264788.xyz/channel/jilinweishi?streamid=a5e656c3fae17a05d1371c0e32cfbc77&livekey=01WgOR41rriMmMkzNsd0UoaxJRwetZdxIvtVk, From: subscribe, IPv_Type: ipv4, Location: 美国, ISP: CloudFlare节点, Date: None, Delay: 1519 ms, Speed: 12.74 M/s, Resolution: 1920x1080
Name: 吉林卫视, URL: https://live.264788.xyz/channel/jilinweishi?streamid=4863b49f31c1bd97d35e5c9040b47f85&livekey=01WgOR41rriMmMkzNsd0UoaxJRwetZdxIvtVk, From: subscribe, IPv_Type: ipv4, Location: 美国, ISP: CloudFlare节点, Date: None, Delay: 226 ms, Speed: 0.00 M/s, Resolution: None
Name: 江西卫视, URL: https://live.264788.xyz/channel/jiangxiweishi?streamid=d954813b7f590cc97b38a2835158d960&livekey=01WgOR41rriMmMkzNsd0UoaxJRwetZdxIvtVk, From: subscribe, IPv_Type: ipv4, Location: 美国, ISP: CloudFlare节点, Date: None, Delay: 111 ms, Speed: 121.18 M/s, Resolution: 1920x1080
Name: 江西卫视, URL: http://192.151.150.154/live/jxwshd.m3u8, From: subscribe, IPv_Type: ipv4, Location: 美国-密苏里州-杰克逊县, ISP: Datashack公司, Date: None, Delay: 5330 ms, Speed: 1.00 M/s, Resolution: 1920x1080
Name: 江西卫视, URL: https://live.264788.xyz/channel/jiangxiweishi?streamid=4a6eec625aac2ea37719b063f81d43b8&livekey=01WgOR41rriMmMkzNsd0UoaxJRwetZdxIvtVk, From: subscribe, IPv_Type: ipv4, Location: 美国, ISP: CloudFlare节点, Date: None, Delay: 213 ms, Speed: 0.00 M/s, Resolution: 1920x1080
Name: 江西卫视, URL: https://live.264788.xyz/channel/jiangxiweishi?streamid=2edc93d44f6405ce3dc9d315ba6b4e5b&livekey=01WgOR41rriMmMkzNsd0UoaxJRwetZdxIvtVk, From: subscribe, IPv_Type: ipv4, Location: 美国, ISP: CloudFlare节点, Date: None, Delay: 278 ms, Speed: 0.00 M/s, Resolution: None
Name: 辽宁卫视, URL: https://live.264788.xyz/channel/liaoningweishi?streamid=8e4bf399048c5b055c39a5d79bff285d&livekey=01WgOR41rriMmMkzNsd0UoaxJRwetZdxIvtVk, From: subscribe, IPv_Type: ipv4, Location: 美国, ISP: CloudFlare节点, Date: None, Delay: 1481 ms, Speed: 25.94 M/s, Resolution: 1920x1080
Name: 辽宁卫视, URL: https://live.264788.xyz/channel/liaoningweishi?streamid=a5721d1b827b5abda39797171e2c1a53&livekey=01WgOR41rriMmMkzNsd0UoaxJRwetZdxIvtVk, From: subscribe, IPv_Type: ipv4, Location: 美国, ISP: CloudFlare节点, Date: None, Delay: 2566 ms, Speed: 1.49 M/s, Resolution: 720x576
Name: 内蒙古卫视, URL: http://192.151.150.154/live/nmgws.m3u8, From: subscribe, IPv_Type: ipv4, Location: 美国-密苏里州-杰克逊县, ISP: Datashack公司, Date: None, Delay: 639 ms, Speed: 5.49 M/s, Resolution: 1920x1080
Name: 宁夏卫视, URL: http://198.204.228.26/live/nxws.m3u8, From: subscribe, IPv_Type: ipv4, Location: 美国, ISP: , Date: None, Delay: 659 ms, Speed: 6.08 M/s, Resolution: 1920x1080
Name: 青海卫视, URL: http://207.56.13.146:81/cdnlive/qhws.m3u8, From: subscribe, IPv_Type: ipv4, Location: 美国-科罗拉多州, ISP: NTT(美国)通信公司, Date: None, Delay: 793 ms, Speed: 5.60 M/s, Resolution: 1920x1080
Name: 青海卫视, URL: https://live.264788.xyz/channel/qinghaiweishi?streamid=dcc88f36445dfbc894756be122a0bb9b&livekey=01WgOR41rriMmMkzNsd0UoaxJRwetZdxIvtVk, From: subscribe, IPv_Type: ipv4, Location: 美国, ISP: CloudFlare节点, Date: None, Delay: 236 ms, Speed: 0.00 M/s, Resolution: 1920x1080
Name: 山东卫视, URL: https://live.264788.xyz/channel/shandongweishi?streamid=17734718ddd5e6904640c72df1fe5fa8&livekey=01WgOR41rriMmMkzNsd0UoaxJRwetZdxIvtVk, From: subscribe, IPv_Type: ipv4, Location: 美国, ISP: CloudFlare节点, Date: None, Delay: 107 ms, Speed: 119.43 M/s, Resolution: 1920x1080
Name: 山东卫视, URL: https://live.264788.xyz/channel/shandongweishi?streamid=0c90580e8be097c73a218656168e35e6&livekey=01WgOR41rriMmMkzNsd0UoaxJRwetZdxIvtVk, From: subscribe, IPv_Type: ipv4, Location: 美国, ISP: CloudFlare节点, Date: None, Delay: 128 ms, Speed: 92.06 M/s, Resolution: None
Name: 山东卫视, URL: https://live.264788.xyz/channel/shandongweishi?streamid=584a5648f57ec60599e05d68c502946e&livekey=01WgOR41rriMmMkzNsd0UoaxJRwetZdxIvtVk, From: subscribe, IPv_Type: ipv4, Location: 美国, ISP: CloudFlare节点, Date: None, Delay: 718 ms, Speed: 39.44 M/s, Resolution: None
Name: 山东卫视, URL: https://live.264788.xyz/channel/shandongweishi?streamid=a2748c69b28269c28a60a0a32874df8e&livekey=01WgOR41rriMmMkzNsd0UoaxJRwetZdxIvtVk, From: subscribe, IPv_Type: ipv4, Location: 美国, ISP: CloudFlare节点, Date: None, Delay: 803 ms, Speed: 33.03 M/s, Resolution: None
Name: 山东卫视, URL: https://live.264788.xyz/channel/shandongweishi?streamid=ba7fe0219ac4e9bd36a7d3ce5359b3c7&livekey=01WgOR41rriMmMkzNsd0UoaxJRwetZdxIvtVk, From: subscribe, IPv_Type: ipv4, Location: 美国, ISP: CloudFlare节点, Date: None, Delay: 229 ms, Speed: 0.00 M/s, Resolution: 1920x1080
Name: 山东卫视, URL: https://live.264788.xyz/channel/shandongweishi?streamid=1920e8715db79dca740ef1828b665c11&livekey=01WgOR41rriMmMkzNsd0UoaxJRwetZdxIvtVk, From: subscribe, IPv_Type: ipv4, Location: 美国, ISP: CloudFlare节点, Date: None, Delay: 241 ms, Speed: 0.00 M/s, Resolution: None
Name: 山西卫视, URL: https://live.264788.xyz/channel/shanxiweishi?streamid=3588853b57d954c33c7eef175200eae7&livekey=01WgOR41rriMmMkzNsd0UoaxJRwetZdxIvtVk, From: subscribe, IPv_Type: ipv4, Location: 美国, ISP: CloudFlare节点, Date: None, Delay: 106 ms, Speed: 117.63 M/s, Resolution: 1920x1080
Name: 山西卫视, URL: https://live.264788.xyz/channel/shanxiweishi?streamid=8b37a515ed8ef12821ad07167563e5e1&livekey=01WgOR41rriMmMkzNsd0UoaxJRwetZdxIvtVk, From: subscribe, IPv_Type: ipv4, Location: 美国, ISP: CloudFlare节点, Date: None, Delay: 218 ms, Speed: 0.00 M/s, Resolution: 1920x1080
Name: 山西卫视, URL: https://live.264788.xyz/channel/shanxiweishi?streamid=8e0686e725376b7a0d2079c0e2beb3dd&livekey=01WgOR41rriMmMkzNsd0UoaxJRwetZdxIvtVk, From: subscribe, IPv_Type: ipv4, Location: 美国, ISP: CloudFlare节点, Date: None, Delay: 985 ms, Speed: 0.00 M/s, Resolution: 1920x1080
Name: 陕西卫视, URL: https://live.264788.xyz/channel/shaanxiweishi?streamid=dcafcf65d544d8a7b606c454d3f8ef47&livekey=01WgOR41rriMmMkzNsd0UoaxJRwetZdxIvtVk, From: subscribe, IPv_Type: ipv4, Location: 美国, ISP: CloudFlare节点, Date: None, Delay: 799 ms, Speed: 42.55 M/s, Resolution: None
Name: 陕西卫视, URL: https://live.264788.xyz/channel/shaanxiweishi?streamid=80bc4fd254b8b27efa395953b61d5026&livekey=01WgOR41rriMmMkzNsd0UoaxJRwetZdxIvtVk, From: subscribe, IPv_Type: ipv4, Location: 美国, ISP: CloudFlare节点, Date: None, Delay: 223 ms, Speed: 0.00 M/s, Resolution: None
Name: 四川卫视, URL: https://iptv.catvod.com/catvod?id=%E5%9B%9B%E5%B7%9D%E5%8D%AB%E8%A7%86&line=1, From: subscribe, IPv_Type: ipv4, Location: 美国-加利福尼亚州-洛杉矶, ISP: IT7网络, Date: None, Delay: 29 ms, Speed: 20.53 M/s, Resolution: 1920x1080
Name: 四川卫视, URL: https://live.264788.xyz/channel/sichuanweishi?streamid=ee4e9252618099b2505fd3875394a5ba&livekey=01WgOR41rriMmMkzNsd0UoaxJRwetZdxIvtVk, From: subscribe, IPv_Type: ipv4, Location: 美国, ISP: CloudFlare节点, Date: None, Delay: 491 ms, Speed: 18.38 M/s, Resolution: 720x576
Name: 四川卫视, URL: https://iptv.catvod.com/catvod?id=%E5%9B%9B%E5%B7%9D%E5%8D%AB%E8%A7%86&line=3, From: subscribe, IPv_Type: ipv4, Location: 美国-加利福尼亚州-洛杉矶, ISP: IT7网络, Date: None, Delay: 36 ms, Speed: 17.44 M/s, Resolution: 1920x1080
Name: 四川卫视, URL: https://iptv.catvod.com/catvod?id=%E5%9B%9B%E5%B7%9D%E5%8D%AB%E8%A7%86&line=2, From: subscribe, IPv_Type: ipv4, Location: 美国-加利福尼亚州-洛杉矶, ISP: IT7网络, Date: None, Delay: 38 ms, Speed: 14.43 M/s, Resolution: 1920x1080
Name: 四川卫视, URL: https://live.264788.xyz/channel/sichuanweishi?streamid=4faded8e2a86c3d05363a67bec4cca35&livekey=01WgOR41rriMmMkzNsd0UoaxJRwetZdxIvtVk, From: subscribe, IPv_Type: ipv4, Location: 美国, ISP: CloudFlare节点, Date: None, Delay: 230 ms, Speed: 0.00 M/s, Resolution: None
Name: 四川卫视, URL: https://live.264788.xyz/channel/sichuanweishi?streamid=db19730d20622f8801f0b4e9ece132ac&livekey=01WgOR41rriMmMkzNsd0UoaxJRwetZdxIvtVk, From: subscribe, IPv_Type: ipv4, Location: 美国, ISP: CloudFlare节点, Date: None, Delay: 244 ms, Speed: 0.00 M/s, Resolution: 1920x1080
Name: 深圳卫视, URL: https://live.264788.xyz/channel/shenzhenweishi?streamid=2715678e4b53f93415f1b63d802c342c&livekey=01WgOR41rriMmMkzNsd0UoaxJRwetZdxIvtVk, From: subscribe, IPv_Type: ipv4, Location: 美国, ISP: CloudFlare节点, Date: None, Delay: 453 ms, Speed: 19.20 M/s, Resolution: None
Name: 深圳卫视, URL: http://207.56.13.146:81/cdnlive/szws.m3u8, From: subscribe, IPv_Type: ipv4, Location: 美国-科罗拉多州, ISP: NTT(美国)通信公司, Date: None, Delay: 807 ms, Speed: 5.18 M/s, Resolution: 1920x1080
Name: 深圳卫视, URL: http://192.151.150.154/live/szwshd.m3u8, From: subscribe, IPv_Type: ipv4, Location: 美国-密苏里州-杰克逊县, ISP: Datashack公司, Date: None, Delay: 1239 ms, Speed: 3.11 M/s, Resolution: 1920x1080
Name: 三沙卫视, URL: https://live.264788.xyz/channel/sanshaweishi?streamid=b0f97355568c17a6d1ca3a67795ee670&livekey=01WgOR41rriMmMkzNsd0UoaxJRwetZdxIvtVk, From: subscribe, IPv_Type: ipv4, Location: 美国, ISP: CloudFlare节点, Date: None, Delay: 56 ms, Speed: 70.08 M/s, Resolution: 720x576
Name: 三沙卫视, URL: https://live.264788.xyz/channel/sanshaweishi?streamid=3736894cc57bd68f5caf8e9554df851f&livekey=01WgOR41rriMmMkzNsd0UoaxJRwetZdxIvtVk, From: subscribe, IPv_Type: ipv4, Location: 美国, ISP: CloudFlare节点, Date: None, Delay: 243 ms, Speed: 0.00 M/s, Resolution: 720x576
Name: 天津卫视, URL: https://live.264788.xyz/channel/tianjinweishi?streamid=d30a60392735d9a6ff2b72630d81c5d6&livekey=01WgOR41rriMmMkzNsd0UoaxJRwetZdxIvtVk, From: subscribe, IPv_Type: ipv4, Location: 美国, ISP: CloudFlare节点, Date: None, Delay: 1499 ms, Speed: 17.95 M/s, Resolution: None
Name: 天津卫视, URL: http://207.56.13.146:81/cdnlive/tjws.m3u8, From: subscribe, IPv_Type: ipv4, Location: 美国-科罗拉多州, ISP: NTT(美国)通信公司, Date: None, Delay: 444 ms, Speed: 1.84 M/s, Resolution: 1920x1080
Name: 天津卫视, URL: https://live.264788.xyz/channel/tianjinweishi?streamid=6419ff8c5c01de32a2b322b551236f41&livekey=01WgOR41rriMmMkzNsd0UoaxJRwetZdxIvtVk, From: subscribe, IPv_Type: ipv4, Location: 美国, ISP: CloudFlare节点, Date: None, Delay: 432 ms, Speed: 0.00 M/s, Resolution: 1920x1080
Name: 天津卫视, URL: https://live.264788.xyz/channel/tianjinweishi?streamid=9a2e438e8938d4af21d3f6ba831dd719&livekey=01WgOR41rriMmMkzNsd0UoaxJRwetZdxIvtVk, From: subscribe, IPv_Type: ipv4, Location: 美国, ISP: CloudFlare节点, Date: None, Delay: 807 ms, Speed: 0.00 M/s, Resolution: 720x576
Name: 西藏卫视, URL: https://live.264788.xyz/channel/xizangweishi?streamid=cfb7b8b8dcaf7ff92d4c1476cf321ba7&livekey=01WgOR41rriMmMkzNsd0UoaxJRwetZdxIvtVk, From: subscribe, IPv_Type: ipv4, Location: 美国, ISP: CloudFlare节点, Date: None, Delay: 386 ms, Speed: 55.79 M/s, Resolution: 1920x1080
Name: 西藏卫视, URL: https://live.264788.xyz/channel/xizangweishi?streamid=4b4e8ea919f1cfd5e43deed1d1675251&livekey=01WgOR41rriMmMkzNsd0UoaxJRwetZdxIvtVk, From: subscribe, IPv_Type: ipv4, Location: 美国, ISP: CloudFlare节点, Date: None, Delay: 1074 ms, Speed: 36.17 M/s, Resolution: None
Name: 西藏卫视, URL: https://live.264788.xyz/channel/xizangweishi?streamid=b1074802469551526bb63c33e26c400c&livekey=01WgOR41rriMmMkzNsd0UoaxJRwetZdxIvtVk, From: subscribe, IPv_Type: ipv4, Location: 美国, ISP: CloudFlare节点, Date: None, Delay: 1091 ms, Speed: 36.04 M/s, Resolution: 1920x1080
Name: 西藏卫视, URL: https://live.264788.xyz/channel/xizangweishi?streamid=5778b7e6b4f5160657a4cb830a36f20b&livekey=01WgOR41rriMmMkzNsd0UoaxJRwetZdxIvtVk, From: subscribe, IPv_Type: ipv4, Location: 美国, ISP: CloudFlare节点, Date: None, Delay: 220 ms, Speed: 0.00 M/s, Resolution: None
Name: 西藏卫视, URL: https://live.264788.xyz/channel/xizangweishi?streamid=62a6f5ee28b2dd4136c1c992fe232abf&livekey=01WgOR41rriMmMkzNsd0UoaxJRwetZdxIvtVk, From: subscribe, IPv_Type: ipv4, Location: 美国, ISP: CloudFlare节点, Date: None, Delay: 224 ms, Speed: 0.00 M/s, Resolution: None
Name: 新疆卫视, URL: https://live.264788.xyz/channel/xinjiangweishi?streamid=570125986bb42033088f88339c1bf28d&livekey=01WgOR41rriMmMkzNsd0UoaxJRwetZdxIvtVk, From: subscribe, IPv_Type: ipv4, Location: 美国, ISP: CloudFlare节点, Date: None, Delay: 147 ms, Speed: 98.96 M/s, Resolution: 1920x1080
Name: 新疆卫视, URL: https://live.264788.xyz/channel/xinjiangweishi?streamid=4f481f56ae39ce5d24203471de9df635&livekey=01WgOR41rriMmMkzNsd0UoaxJRwetZdxIvtVk, From: subscribe, IPv_Type: ipv4, Location: 美国, ISP: CloudFlare节点, Date: None, Delay: 166 ms, Speed: 76.15 M/s, Resolution: 1920x1080
Name: 新疆卫视, URL: https://live.264788.xyz/channel/xinjiangweishi?streamid=342945bcfa42b0c38e26f3dbe372a06a&livekey=01WgOR41rriMmMkzNsd0UoaxJRwetZdxIvtVk, From: subscribe, IPv_Type: ipv4, Location: 美国, ISP: CloudFlare节点, Date: None, Delay: 344 ms, Speed: 75.69 M/s, Resolution: None
Name: 新疆卫视, URL: http://218.84.12.186:8001/hls/main/playlist.m3u8?zxinjd;http://218.84.12.186:8001/hls/main/playlist.m3u8zxinjd, From: subscribe, IPv_Type: ipv4, Location: 中国-新疆-伊犁哈萨克自治州, ISP: 电信, Date: None, Delay: 5350 ms, Speed: 0.33 M/s, Resolution: 1920x1080
Name: 云南卫视, URL: https://live.264788.xyz/channel/yunnanweishi?streamid=59a7b5e496b1ed2af50a575e9081c7e7&livekey=01WgOR41rriMmMkzNsd0UoaxJRwetZdxIvtVk, From: subscribe, IPv_Type: ipv4, Location: 美国, ISP: CloudFlare节点, Date: None, Delay: 60 ms, Speed: 68.57 M/s, Resolution: None
Name: 云南卫视, URL: https://live.264788.xyz/channel/yunnanweishi?streamid=fe7f665eb83ec0b1eebd4120b1a74d77&livekey=01WgOR41rriMmMkzNsd0UoaxJRwetZdxIvtVk, From: subscribe, IPv_Type: ipv4, Location: 美国, ISP: CloudFlare节点, Date: None, Delay: 56 ms, Speed: 67.30 M/s, Resolution: 720x576
Name: 云南卫视, URL: https://live.264788.xyz/channel/yunnanweishi?streamid=57f7256aeb9a8d4606f5b4cf7b5aeb13&livekey=01WgOR41rriMmMkzNsd0UoaxJRwetZdxIvtVk, From: subscribe, IPv_Type: ipv4, Location: 美国, ISP: CloudFlare节点, Date: None, Delay: 226 ms, Speed: 39.34 M/s, Resolution: 720x576
Name: 云南卫视, URL: http://63.141.230.178:82/gslb/zbdq5.m3u8?id=ynwshd, From: subscribe, IPv_Type: ipv4, Location: 美国, ISP: , Date: None, Delay: 691 ms, Speed: 6.11 M/s, Resolution: 1920x1080
Name: 云南卫视, URL: http://192.151.150.154/live/ynwshd.m3u8, From: subscribe, IPv_Type: ipv4, Location: 美国-密苏里州-杰克逊县, ISP: Datashack公司, Date: None, Delay: 1629 ms, Speed: 3.64 M/s, Resolution: 1920x1080
Name: 云南卫视, URL: https://live.264788.xyz/channel/yunnanweishi?streamid=6d5d2634644cc4e0928f4afdca9dc4fe&livekey=01WgOR41rriMmMkzNsd0UoaxJRwetZdxIvtVk, From: subscribe, IPv_Type: ipv4, Location: 美国, ISP: CloudFlare节点, Date: None, Delay: 229 ms, Speed: 0.00 M/s, Resolution: 720x576
Name: 大湾区卫视, URL: https://iptv.catvod.com/live.php?id=%E5%A4%A7%E6%B9%BE%E5%8C%BA%E5%8D%AB%E8%A7%86&line=3, From: subscribe, IPv_Type: ipv4, Location: 美国-加利福尼亚州-洛杉矶, ISP: IT7网络, Date: None, Delay: 28 ms, Speed: 19.63 M/s, Resolution: 1920x1080
Name: 大湾区卫视, URL: https://iptv.catvod.com/live.php?id=%E5%A4%A7%E6%B9%BE%E5%8C%BA%E5%8D%AB%E8%A7%86&line=2, From: subscribe, IPv_Type: ipv4, Location: 美国-加利福尼亚州-洛杉矶, ISP: IT7网络, Date: None, Delay: 27 ms, Speed: 19.41 M/s, Resolution: 1920x1080
Name: 浙江钱江, URL: http://ali-m-l.cztv.com/channels/lantian/channel02/1080p.m3u8, From: subscribe, IPv_Type: ipv4, Location: 中国-陕西, ISP: 移动, Date: None, Delay: 1975 ms, Speed: 1.03 M/s, Resolution: 1920x1080
Name: 浙江钱江, URL: https://ali-m-l.cztv.com/channels/lantian/channel002/1080p.m3u8, From: subscribe, IPv_Type: ipv4, Location: 中国-陕西, ISP: 移动, Date: None, Delay: 1722 ms, Speed: 1.01 M/s, Resolution: 1920x1080
Name: 浙江钱江, URL: https://ali-m-l.cztv.com/channels/lantian/channel002/1080p.m3u8\r\n, From: subscribe, IPv_Type: ipv4, Location: 中国-陕西, ISP: 移动, Date: None, Delay: 1769 ms, Speed: 1.00 M/s, Resolution: 1920x1080
Name: 浙江生活, URL: http://ls.qingting.fm/live/1099.m3u8, From: subscribe, IPv_Type: ipv6, Location: 美国, ISP: , Date: None, Delay: 2497 ms, Speed: 0.04 M/s, Resolution: None
Name: 浙江经济生活, URL: http://ali-m-l.cztv.com/channels/lantian/channel003/1080p.m3u8, From: subscribe, IPv_Type: ipv4, Location: 中国-陕西, ISP: 移动, Date: None, Delay: 1693 ms, Speed: 1.10 M/s, Resolution: 1920x1080
Name: 浙江经济生活, URL: https://ali-m-l.cztv.com/channels/lantian/channel003/1080p.m3u8, From: subscribe, IPv_Type: ipv4, Location: 中国-陕西, ISP: 移动, Date: None, Delay: 2033 ms, Speed: 1.05 M/s, Resolution: 1920x1080
Name: 浙江教育, URL: https://ali-m-l.cztv.com/channels/lantian/channel004/1080p.m3u8, From: subscribe, IPv_Type: ipv4, Location: 中国-陕西, ISP: 移动, Date: None, Delay: 1994 ms, Speed: 0.99 M/s, Resolution: 1920x1080
Name: 浙江教育, URL: http://ali-m-l.cztv.com/channels/lantian/channel04/720p.m3u8, From: subscribe, IPv_Type: ipv6, Location: 中国-广西-防城港, ISP: 电信, Date: None, Delay: 1320 ms, Speed: 0.69 M/s, Resolution: 1920x1080
Name: 浙江民生, URL: https://ali-m-l.cztv.com/channels/lantian/channel006/1080p.m3u8?, From: subscribe, IPv_Type: ipv4, Location: 中国-上海-上海, ISP: 电信, Date: None, Delay: 1758 ms, Speed: 1.08 M/s, Resolution: 1920x1080
Name: 浙江民生, URL: https://ali-m-l.cztv.com/channels/lantian/channel006/1080p.m3u8, From: subscribe, IPv_Type: ipv6, Location: 中国-广西-防城港, ISP: 电信, Date: None, Delay: 1971 ms, Speed: 1.05 M/s, Resolution: 1920x1080
Name: 浙江新闻, URL: https://ali-m-l.cztv.com/channels/lantian/channel07/1080p.m3u8, From: subscribe, IPv_Type: ipv4, Location: 中国-陕西, ISP: 移动, Date: None, Delay: 1929 ms, Speed: 1.62 M/s, Resolution: 1920x1080
Name: 浙江新闻, URL: https://ali-m-l.cztv.com/channels/lantian/channel007/1080p.m3u8, From: subscribe, IPv_Type: ipv4, Location: 中国-陕西, ISP: 移动, Date: None, Delay: 1736 ms, Speed: 0.99 M/s, Resolution: 1920x1080
Name: 浙江教科, URL: http://ali-m-l.cztv.com/channels/lantian/channel004/1080p.m3u8, From: subscribe, IPv_Type: ipv4, Location: 中国-陕西, ISP: 移动, Date: None, Delay: 1617 ms, Speed: 1.10 M/s, Resolution: 1920x1080
Name: 之江纪录, URL: http://ali-m-l.cztv.com/channels/lantian/channel12/1080p.m3u8, From: subscribe, IPv_Type: ipv6, Location: 中国-广西-防城港, ISP: 电信, Date: None, Delay: 2156 ms, Speed: 2.82 M/s, Resolution: 1920x1080
Name: 之江纪录, URL: https://ali-m-l.cztv.com/channels/lantian/channel12/720p.m3u8, From: subscribe, IPv_Type: ipv6, Location: 中国-广西-防城港, ISP: 电信, Date: None, Delay: 2003 ms, Speed: 1.20 M/s, Resolution: 1920x1080
Name: 之江纪录, URL: https://ali-m-l.cztv.com/channels/lantian/channel012/1080p.m3u8, From: subscribe, IPv_Type: ipv4, Location: 中国-陕西, ISP: 移动, Date: None, Delay: 1758 ms, Speed: 1.01 M/s, Resolution: 1920x1080
Name: 之江纪录, URL: http://ali-m-l.cztv.com/channels/lantian/channel012/1080p.m3u8, From: subscribe, IPv_Type: ipv4, Location: 中国-陕西, ISP: 移动, Date: None, Delay: 1853 ms, Speed: 0.91 M/s, Resolution: 1920x1080
Name: 嘉兴新闻综合, URL: http://live.zohi.tv/video/s10001-fztv-1/index.m3u8, From: subscribe, IPv_Type: ipv6, Location: 中国, ISP: 中国电信, Date: None, Delay: 1919 ms, Speed: 0.22 M/s, Resolution: 1920x1080
Name: 湖州新闻综合, URL: http://hzcm-live.media.hugd.com/3f5fa7d64c7c46a38c6bd8ad35e836cc/65128273761b4731ae53729ea6dcf932.m3u8?auth_key=2277598215-9d21c15111244bea8d298c361d31a72e-0-d031198f58d44b0e91ba2e3f3b188865&fbl=, From: subscribe, IPv_Type: ipv4, Location: 中国-上海-上海, ISP: 电信, Date: None, Delay: 1260 ms, Speed: 0.29 M/s, Resolution: 1280x720
Name: 湖州新闻综合, URL: http://hzcm-live.media.hugd.com/3f5fa7d64c7c46a38c6bd8ad35e836cc/65128273761b4731ae53729ea6dcf932.m3u8?auth_key=2277598215-9d21c15111244bea8d298c361d31a72e-0-d031198f58d44b0e91ba2e3f3b188865, From: subscribe, IPv_Type: ipv4, Location: 中国-上海-上海, ISP: 电信, Date: None, Delay: 1102 ms, Speed: 0.28 M/s, Resolution: 1280x720
Name: 湖州新闻综合, URL: http://hzcm-live.media.hugd.com/3f5fa7d64c7c46a38c6bd8ad35e836cc/65128273761b4731ae53729ea6dcf932.m3u8?auth_key=2277598215-9d21c15111244bea8d298c361d31a72e-0-d031198f58d44b0e91ba2e3f3b188865&amp;fbl=, From: subscribe, IPv_Type: ipv4, Location: 中国-上海-上海, ISP: 电信, Date: None, Delay: 2534 ms, Speed: 0.19 M/s, Resolution: 1280x720
Name: 湖州新闻综合, URL: https://hzcm-live.media.hugd.com/3f5fa7d64c7c46a38c6bd8ad35e836cc/65128273761b4731ae53729ea6dcf932.m3u8?auth_key=2277598215-9d21c15111244bea8d298c361d31a72e-0-d031198f58d44b0e91ba2e3f3b188865, From: subscribe, IPv_Type: ipv4, Location: 中国-上海-上海, ISP: 电信, Date: None, Delay: 2181 ms, Speed: 0.18 M/s, Resolution: 1280x720
Name: 湖州文化娱乐, URL: http://hzcm-live.media.hugd.com/613c47f0ab0d4eaa98b21378d0db6ded/0051d31c9dd543a7825eea4e49675b2a.m3u8?auth_key=2277598059-0a5ebfa1c0dc4671b42a60810fc37039-0-fa625b7d1feab612062453c12e3c8887, From: subscribe, IPv_Type: ipv4, Location: 中国-上海-上海, ISP: 电信, Date: None, Delay: 1129 ms, Speed: 0.24 M/s, Resolution: 1280x720
Name: 湖州文化娱乐, URL: https://hzcm-live.media.hugd.com/613c47f0ab0d4eaa98b21378d0db6ded/0051d31c9dd543a7825eea4e49675b2a.m3u8?auth_key=2277598059-0a5ebfa1c0dc4671b42a60810fc37039-0-fa625b7d1feab612062453c12e3c8887, From: subscribe, IPv_Type: ipv4, Location: 中国-上海-上海, ISP: 电信, Date: None, Delay: 1538 ms, Speed: 0.18 M/s, Resolution: 1280x720
Name: 湖州文化娱乐, URL: http://hzcm-live.media.hugd.com/613c47f0ab0d4eaa98b21378d0db6ded/0051d31c9dd543a7825eea4e49675b2a.m3u8?auth_key=2277598059-0a5ebfa1c0dc4671b42a60810fc37039-0-fa625b7d1feab612062453c12e3c8887&fbl=, From: subscribe, IPv_Type: ipv4, Location: 中国-上海-上海, ISP: 电信, Date: None, Delay: 1674 ms, Speed: 0.18 M/s, Resolution: 1280x720
Name: 浙江留学, URL: https://ali-m-l.cztv.com/channels/lantian/channel009/1080p.m3u8, From: subscribe, IPv_Type: ipv6, Location: 中国-广西-防城港, ISP: 电信, Date: None, Delay: 1241 ms, Speed: 0.31 M/s, Resolution: 1920x1080
Name: 浙江休闲台, URL: http://ali-m-l.cztv.com/channels/lantian/channel006/720p.m3u8, From: subscribe, IPv_Type: ipv6, Location: 中国-广西-防城港, ISP: 电信, Date: None, Delay: 1575 ms, Speed: 0.94 M/s, Resolution: 1920x1080
Name: 浙江青田, URL: http://l.cztvcloud.com/channels/lantian/SXqingtian1/720p.m3u8, From: subscribe, IPv_Type: ipv4, Location: 中国-上海-上海, ISP: 电信, Date: None, Delay: 2068 ms, Speed: 0.53 M/s, Resolution: 1920x1080
Name: 浙江青田, URL: http://l.cztvcloud.com/channels/lantian/SXqingtian1/720p.m3u8?zzhed, From: subscribe, IPv_Type: ipv6, Location: 中国-江苏-常州, ISP: 电信, Date: None, Delay: 2296 ms, Speed: 0.50 M/s, Resolution: 1920x1080
Name: 浙江遂昌, URL: http://l.cztvcloud.com/channels/lantian/SXsuichang1/720p.m3u8, From: subscribe, IPv_Type: ipv4, Location: 中国-江苏-南通, ISP: 电信, Date: None, Delay: 1639 ms, Speed: 0.56 M/s, Resolution: 1920x1080
Name: 浙江遂昌, URL: http://play-sh13.quklive.com/live/1708426592499070.m3u8?auth_key=2028414342-e92bda8423ad478c987a8b7ae82abe0e-0-c616f7fabb9675e1ed1d84d9edae7e07, From: subscribe, IPv_Type: ipv4, Location: 美国, ISP: 阿里云, Date: None, Delay: 2263 ms, Speed: 0.40 M/s, Resolution: 1920x1080
Name: 诸暨新闻综合, URL: http://l.cztvcloud.com/channels/lantian/SXzhuji3/720p.m3u8?zzhed#EXTINF:-1%20group-title=%22%E2%80%A2%E9%9F%B3%E4%B9%90%22,%E9%9F%B3%E4%B9%90%E7%9F%B3%E6%A6%B4, From: subscribe, IPv_Type: ipv4, Location: 中国-上海-上海, ISP: 电信, Date: None, Delay: 2410 ms, Speed: 1.28 M/s, Resolution: 1920x1080
Name: 诸暨新闻综合, URL: http://l.cztvcloud.com/channels/lantian/SXzhuji3/720p.m3u8?zzhed, From: subscribe, IPv_Type: ipv6, Location: 中国-江苏-常州, ISP: 电信, Date: None, Delay: 2724 ms, Speed: 1.23 M/s, Resolution: 1920x1080
Name: 诸暨新闻综合, URL: https://l.cztvcloud.com/channels/lantian/SXzhuji3/720p.m3u8, From: subscribe, IPv_Type: ipv6, Location: 中国-江苏-常州, ISP: 电信, Date: None, Delay: 3098 ms, Speed: 1.19 M/s, Resolution: 1920x1080
Name: 龙游生活娱乐, URL: https://l.cztvcloud.com/channels/lantian/SXlongyou2/720p.m3u8, From: subscribe, IPv_Type: ipv6, Location: 中国-江苏-常州, ISP: 电信, Date: None, Delay: 3212 ms, Speed: 0.88 M/s, Resolution: 1920x1080
Name: 龙游生活娱乐, URL: http://l.cztvcloud.com/channels/lantian/SXlongyou2/720p.m3u8, From: subscribe, IPv_Type: ipv6, Location: 中国-江苏-常州, ISP: 电信, Date: None, Delay: 2753 ms, Speed: 0.87 M/s, Resolution: 1920x1080
Name: 龙游生活娱乐, URL: http://l.cztvcloud.com/channels/lantian/SXlongyou2/720p.m3u8?zzhed, From: subscribe, IPv_Type: ipv4, Location: 中国-上海-上海, ISP: 电信, Date: None, Delay: 3307 ms, Speed: 0.78 M/s, Resolution: 1280x720
Name: 龙游新闻综合, URL: http://l.cztvcloud.com/channels/lantian/SXlongyou1/720p.m3u8?zzhed, From: subscribe, IPv_Type: ipv6, Location: 中国-江苏-常州, ISP: 电信, Date: None, Delay: 2969 ms, Speed: 0.48 M/s, Resolution: 1920x1080
Name: 龙游新闻综合, URL: https://l.cztvcloud.com/channels/lantian/SXlongyou1/720p.m3u8, From: subscribe, IPv_Type: ipv6, Location: 中国-江苏-常州, ISP: 电信, Date: None, Delay: 3421 ms, Speed: 0.46 M/s, Resolution: 1920x1080
Name: 龙泉新闻综合, URL: http://l.cztvcloud.com/channels/lantian/SXlongquan1/720p.m3u8?zzhed,, From: subscribe, IPv_Type: ipv4, Location: 中国-上海-上海, ISP: 电信, Date: None, Delay: 1957 ms, Speed: 0.86 M/s, Resolution: 1920x1080
Name: 龙泉新闻综合, URL: http://l.cztvcloud.com/channels/lantian/SXlongquan1/720p.m3u8, From: subscribe, IPv_Type: ipv6, Location: 中国-江苏-常州, ISP: 电信, Date: None, Delay: 2002 ms, Speed: 0.85 M/s, Resolution: 1920x1080
Name: 龙泉新闻综合, URL: http://l.cztvcloud.com/channels/lantian/SXlongquan1/720p.m3u8?zzhed&quot;, From: subscribe, IPv_Type: ipv4, Location: 中国-上海-上海, ISP: 电信, Date: None, Delay: 2134 ms, Speed: 0.83 M/s, Resolution: 1920x1080
Name: 青田电视台, URL: http://l.cztvcloud.com/channels/lantian/SXqingtian1/720p.m3u8?zzhed?, From: subscribe, IPv_Type: ipv4, Location: 中国-上海-上海, ISP: 电信, Date: None, Delay: 3278 ms, Speed: 0.49 M/s, Resolution: 1920x1080
Name: 遂昌综合, URL: http://l.cztvcloud.com/channels/lantian/SXsuichang1/720p.m3u8?zzhed, From: subscribe, IPv_Type: ipv6, Location: 中国-江苏-常州, ISP: 电信, Date: None, Delay: 1614 ms, Speed: 0.55 M/s, Resolution: 1920x1080
Name: 遂昌综合, URL: http://l.cztvcloud.com/channels/lantian/SXsuichang1/720p.m3u8?zzhed;http://l.cztvcloud.com/channels/lantian/SXsuichang1/720p.m3u8zzhed, From: subscribe, IPv_Type: ipv4, Location: 中国-上海-上海, ISP: 电信, Date: None, Delay: 240 ms, Speed: 0.00 M/s, Resolution: 1920x1080
Name: 象山综合, URL: http://play-sh13.quklive.com/live/1702360350551252.m3u8?auth_key=2037107484-800189c57a5a44d3b823b60cf84f6756-0-a6f6828a62d5c167cff5e68735fa0d39, From: subscribe, IPv_Type: ipv4, Location: 美国-加利福尼亚州-圣克拉拉, ISP: AMD公司, Date: None, Delay: 187 ms, Speed: 7.31 M/s, Resolution: 1920x1080
Name: 衢江新闻综合, URL: http://l.cztvcloud.com/channels/lantian/SXqujiang1/720p.m3u8?zzhed, From: subscribe, IPv_Type: ipv6, Location: 中国-江苏-常州, ISP: 电信, Date: None, Delay: 2507 ms, Speed: 1.31 M/s, Resolution: 1920x1080
Name: 衢江新闻综合, URL: http://l.cztvcloud.com/channels/lantian/SXqujiang1/720p.m3u8?zzhed;http://l.cztvcloud.com/channels/lantian/SXqujiang1/720p.m3u8zzhed;http://l.cztvcloud.com/channels/lantian/SXqujiang1/720p.m3u8, From: subscribe, IPv_Type: ipv4, Location: 中国-上海-上海, ISP: 电信, Date: None, Delay: 3675 ms, Speed: 1.17 M/s, Resolution: 1920x1080
Name: 萧山生活, URL: http://l.cztvcloud.com/channels/lantian/SXxiaoshan2/720p.m3u8?zzhed?, From: subscribe, IPv_Type: ipv4, Location: 中国-上海-上海, ISP: 电信, Date: None, Delay: 2021 ms, Speed: 1.04 M/s, Resolution: 1280x720
Name: 萧山生活, URL: http://l.cztvcloud.com/channels/lantian/SXxiaoshan2/720p.m3u8?zzhed, From: subscribe, IPv_Type: ipv6, Location: 中国-江苏-常州, ISP: 电信, Date: None, Delay: 2372 ms, Speed: 0.97 M/s, Resolution: 1920x1080
Name: 萧山生活, URL: https://l.cztvcloud.com/channels/lantian/SXxiaoshan2/720p.m3u8, From: subscribe, IPv_Type: ipv6, Location: 中国-江苏-常州, ISP: 电信, Date: None, Delay: 2564 ms, Speed: 0.96 M/s, Resolution: 1920x1080
Name: 萧山生活, URL: http://l.cztvcloud.com/channels/lantian/SXxiaoshan2/720p.m3u8, From: subscribe, IPv_Type: ipv4, Location: 中国-江苏-苏州, ISP: 电信, Date: None, Delay: 3516 ms, Speed: 0.80 M/s, Resolution: 1280x720
Name: 萧山新闻综合, URL: http://l.cztvcloud.com/channels/lantian/SXxiaoshan1/720p.m3u8?cWlkPSZzPTg3OWMwYmMyZDMzYTFhZGY3NDQxMjgyYTg1MmUzNTY0JmVzPTE3MDY2Nzc4NzMmdXVpZD0yMjdiY2MzNGNiNGY0MThlYjRiY2IxYzcwNmZjODNkMS02NzQ3NDY2NyZ2PTImYXM9MCZjZG5leF9pZD10eF9waG9uZV9saXZl, From: subscribe, IPv_Type: ipv4, Location: 中国-上海-上海, ISP: 电信, Date: None, Delay: 2213 ms, Speed: 1.18 M/s, Resolution: 1280x720
Name: 萧山新闻综合, URL: http://l.cztvcloud.com/channels/lantian/SXxiaoshan1/720p.m3u8?zzhed, From: subscribe, IPv_Type: ipv6, Location: 中国-江苏-常州, ISP: 电信, Date: None, Delay: 2444 ms, Speed: 1.15 M/s, Resolution: 1920x1080
Name: 萧山新闻综合, URL: https://l.cztvcloud.com/channels/lantian/SXxiaoshan1/720p.m3u8, From: subscribe, IPv_Type: ipv6, Location: 中国-江苏-常州, ISP: 电信, Date: None, Delay: 3380 ms, Speed: 1.00 M/s, Resolution: 1920x1080
Name: 缙云综合, URL: http://l.cztvcloud.com/channels/lantian/SXjinyun1/720p.m3u8?zzhed, From: subscribe, IPv_Type: ipv6, Location: 中国-江苏-常州, ISP: 电信, Date: None, Delay: 1850 ms, Speed: 0.87 M/s, Resolution: 1920x1080
Name: 缙云综合, URL: http://l.cztvcloud.com/channels/lantian/SXjinyun1/720p.m3u8?zzhed?, From: subscribe, IPv_Type: ipv4, Location: 中国-上海-上海, ISP: 电信, Date: None, Delay: 1898 ms, Speed: 0.86 M/s, Resolution: 1280x720
Name: 缙云综合, URL: http://l.cztvcloud.com/channels/lantian/SXjinyun1/720p.m3u8?zzhed&quot;, From: subscribe, IPv_Type: ipv4, Location: 中国-上海-上海, ISP: 电信, Date: None, Delay: 3387 ms, Speed: 0.68 M/s, Resolution: 1280x720
Name: 缙云新闻综合, URL: http://l.cztvcloud.com/channels/lantian/SXjinyun1/720p.m3u8, From: subscribe, IPv_Type: ipv6, Location: 中国-江苏-常州, ISP: 电信, Date: None, Delay: 1936 ms, Speed: 0.81 M/s, Resolution: 1920x1080
Name: 缙云新闻综合, URL: http://l.cztvcloud.com/channels/lantian/SXjinyun1/720p.m3u8?fbl=, From: subscribe, IPv_Type: ipv4, Location: 中国-上海-上海, ISP: 电信, Date: None, Delay: 2957 ms, Speed: 0.65 M/s, Resolution: 1280x720
Name: 绍兴电视台公共, URL: http://live.shaoxing.com.cn/video/s10001-sxtv2/index.m3u8?%E5%85%B3%E6%B3%A8%E5%BE%AE%E4%BF%A1%E5%85%AC%E4%BC%97%E5%8F%B7[%E6%99%B4%E5%9B%AD], From: subscribe, IPv_Type: ipv4, Location: 中国-浙江-绍兴, ISP: 电信, Date: None, Delay: 8355 ms, Speed: 0.10 M/s, Resolution: 1280x720
Name: 绍兴新闻综合, URL: http://live.shaoxing.com.cn/video/s10001-sxhb/index.m3u8, From: subscribe, IPv_Type: ipv4, Location: 中国-浙江-绍兴, ISP: 电信, Date: None, Delay: 7425 ms, Speed: 0.10 M/s, Resolution: 1280x720
Name: 绍兴新闻综合, URL: http://live.shaoxing.com.cn/video/s10001-sxtv1/index.m3u8, From: subscribe, IPv_Type: ipv4, Location: 中国-浙江-绍兴, ISP: 电信, Date: None, Delay: 6888 ms, Speed: 0.10 M/s, Resolution: 720x576
Name: 绍兴新闻综合, URL: http://live.shaoxing.com.cn/video/s10001-sxhb/index.m3u8?zzhed#http://live.shaoxing.com.cn/video/s10001-sxhb/index.m3u8#http://live.shaoxing.com.cn/video/s10001-sxtv1/index.m3u8?zzhed#http://live.shaoxing.com.cn/video/s10001-sxtv1/index.m3u8, From: subscribe, IPv_Type: ipv4, Location: 中国-浙江-绍兴, ISP: 电信, Date: None, Delay: 8885 ms, Speed: 0.10 M/s, Resolution: 1280x720
Name: 绍兴新闻综合, URL: http://live.shaoxing.com.cn/video/s10001-sxtv1/index.m3u8?zzhed, From: subscribe, IPv_Type: ipv4, Location: 中国-浙江-绍兴, ISP: 电信, Date: None, Delay: 7833 ms, Speed: 0.10 M/s, Resolution: 720x576
Name: 绍兴新闻综合, URL: http://live.shaoxing.com.cn/video/s10001-sxhb/index.m3u8?zzhed, From: subscribe, IPv_Type: ipv4, Location: 中国-浙江-绍兴, ISP: 电信, Date: None, Delay: 8622 ms, Speed: 0.09 M/s, Resolution: 1280x720
Name: 绍兴文化影院, URL: http://live.shaoxing.com.cn/video/s10001-sxtv3/index.m3u8?zzhed#http://live.shaoxing.com.cn/video/s10001-sxtv3/index.m3u8, From: subscribe, IPv_Type: ipv4, Location: 中国-浙江-绍兴, ISP: 电信, Date: None, Delay: 7541 ms, Speed: 0.10 M/s, Resolution: 1280x720
Name: 绍兴文化影院, URL: http://live.shaoxing.com.cn/video/s10001-sxtv3/index.m3u8, From: subscribe, IPv_Type: ipv4, Location: 中国-浙江-绍兴, ISP: 电信, Date: None, Delay: 8496 ms, Speed: 0.09 M/s, Resolution: 1280x720
Name: 绍兴文化影院, URL: http://live.shaoxing.com.cn/video/s10001-sxtv3/index.m3u8?zzhed, From: subscribe, IPv_Type: ipv4, Location: 中国-浙江-绍兴, ISP: 电信, Date: None, Delay: 8833 ms, Speed: 0.09 M/s, Resolution: 1280x720
Name: 湖州公共民生, URL: http://hzcm-live.media.hugd.com/1e6b554b9ab74513958c0e1ffe664d22/9acaa7634309494cb29a85eb12136607.m3u8?auth_key=2272900830-9a2389b8bf4e49d580d4ad807423d326-0-ea78a5c7a678c436263582d368f5009e, From: subscribe, IPv_Type: ipv4, Location: 中国-上海-上海, ISP: 电信, Date: None, Delay: 1535 ms, Speed: 0.24 M/s, Resolution: 1280x720
Name: 海宁新闻综合, URL: https://p2hs.vzan.com/slowlive/317913155078575177/live.m3u8?zbid=293304&tpid=1708007815, From: subscribe, IPv_Type: ipv4, Location: 中国-河北-石家庄, ISP: 鹏博士宽带, Date: None, Delay: 501 ms, Speed: 1.79 M/s, Resolution: 1280x720
Name: 海宁新闻综合, URL: https://p2hs.vzan.com/slowlive/317913155078575177/live.m3u8, From: subscribe, IPv_Type: ipv4, Location: 中国-广东-东莞, ISP: 鹏博士BGP, Date: None, Delay: 511 ms, Speed: 1.40 M/s, Resolution: 1280x720
Name: 海宁新闻综合, URL: http://p2hs.vzan.com/slowlive/317913155078575177/live.m3u8, From: subscribe, IPv_Type: ipv4, Location: 中国-广东-东莞, ISP: 鹏博士BGP, Date: None, Delay: 634 ms, Speed: 1.02 M/s, Resolution: 1280x720
Name: 洞头综合, URL: http://l.cztvcloud.com/channels/lantian/SXdongtou1/720p.m3u8, From: subscribe, IPv_Type: ipv6, Location: 中国-江苏-常州, ISP: 电信, Date: None, Delay: 2638 ms, Speed: 0.80 M/s, Resolution: 1920x1080
Name: 武义新闻综合, URL: http://l.cztvcloud.com/channels/lantian/SXwuyi1/720p.m3u8, From: subscribe, IPv_Type: ipv6, Location: 中国-江苏-常州, ISP: 电信, Date: None, Delay: 1753 ms, Speed: 0.64 M/s, Resolution: 1920x1080
Name: 松阳综合, URL: http://l.cztvcloud.com/channels/lantian/SXsongyang1/720p.m3u8?zzhed?, From: subscribe, IPv_Type: ipv4, Location: 中国-上海-上海, ISP: 电信, Date: None, Delay: 3291 ms, Speed: 2.62 M/s, Resolution: 1920x1080
Name: 松阳综合, URL: http://l.cztvcloud.com/channels/lantian/SXsongyang1/720p.m3u8, From: subscribe, IPv_Type: ipv4, Location: 中国-江苏-苏州, ISP: 电信, Date: None, Delay: 3591 ms, Speed: 2.60 M/s, Resolution: 1920x1080
Name: 松阳综合, URL: http://l.cztvcloud.com/channels/lantian/SXsongyang1/720p.m3u8?fbl=, From: subscribe, IPv_Type: ipv4, Location: 中国-上海-上海, ISP: 电信, Date: None, Delay: 3224 ms, Speed: 2.54 M/s, Resolution: 1920x1080
Name: 松阳综合, URL: http://l.cztvcloud.com/channels/lantian/SXsongyang1/720p.m3u8?zzhed, From: subscribe, IPv_Type: ipv4, Location: 中国-上海-上海, ISP: 电信, Date: None, Delay: 3429 ms, Speed: 2.48 M/s, Resolution: 1920x1080
Name: 松阳综合, URL: http://l.cztvcloud.com/channels/lantian/SXsongyang1/720p.m3u8?zzhed;http://l.cztvcloud.com/channels/lantian/SXsongyang1/720p.m3u8zzhed, From: subscribe, IPv_Type: ipv4, Location: 中国-上海-上海, ISP: 电信, Date: None, Delay: 4638 ms, Speed: 2.24 M/s, Resolution: 1920x1080
Name: 普陀电视台, URL: https://l.cztvcloud.com/channels/lantian/SXputuo1/720p.m3u8, From: subscribe, IPv_Type: ipv6, Location: 中国-江苏-常州, ISP: 电信, Date: None, Delay: 3421 ms, Speed: 0.67 M/s, Resolution: 1920x1080
Name: 普陀电视台, URL: http://l.cztvcloud.com/channels/lantian/SXputuo1/720p.m3u8?zzhed#http://l.cztvcloud.com/channels/lantian/SXputuo1/720p.m3u8, From: subscribe, IPv_Type: ipv6, Location: 中国-江苏-常州, ISP: 电信, Date: None, Delay: 270 ms, Speed: 0.00 M/s, Resolution: 1920x1080
Name: 新昌生活, URL: http://l.cztvcloud.com/channels/lantian/SXxinchang2/720p.m3u8, From: subscribe, IPv_Type: ipv6, Location: 中国-江苏-常州, ISP: 电信, Date: None, Delay: 2120 ms, Speed: 0.61 M/s, Resolution: 1920x1080
Name: 文成综合, URL: http://l.cztvcloud.com/channels/lantian/SXwencheng1/720p.m3u8?zzhed?, From: subscribe, IPv_Type: ipv4, Location: 中国-上海-上海, ISP: 电信, Date: None, Delay: 1976 ms, Speed: 0.84 M/s, Resolution: 1280x720
Name: 文成综合, URL: http://l.cztvcloud.com/channels/lantian/SXwencheng1/720p.m3u8, From: subscribe, IPv_Type: ipv6, Location: 中国-江苏-常州, ISP: 电信, Date: None, Delay: 2241 ms, Speed: 0.75 M/s, Resolution: 1920x1080
Name: 文成综合, URL: http://l.cztvcloud.com/channels/lantian/SXwencheng1/720p.m3u8?zzhed, From: subscribe, IPv_Type: ipv4, Location: 中国-上海-上海, ISP: 电信, Date: None, Delay: 2550 ms, Speed: 0.75 M/s, Resolution: 1280x720
Name: 文成综合, URL: http://l.cztvcloud.com/channels/lantian/SXwencheng1/720p.m3u8?fbl=, From: subscribe, IPv_Type: ipv6, Location: 中国-江苏-常州, ISP: 电信, Date: None, Delay: 2986 ms, Speed: 0.64 M/s, Resolution: 1920x1080
Name: 开化新闻综合, URL: http://l.cztvcloud.com/channels/lantian/SXkaihua1/720p.m3u8?zzhed, From: subscribe, IPv_Type: ipv6, Location: 中国-江苏-常州, ISP: 电信, Date: None, Delay: 2281 ms, Speed: 0.76 M/s, Resolution: 1920x1080
Name: 开化国家公园, URL: http://l.cztvcloud.com/channels/lantian/SXkaihua2/720p.m3u8, From: subscribe, IPv_Type: ipv4, Location: 中国-上海-上海, ISP: 电信, Date: None, Delay: 2067 ms, Speed: 0.83 M/s, Resolution: 1280x720
Name: 开化国家公园, URL: http://l.cztvcloud.com/channels/lantian/SXkaihua2/720p.m3u8zzhed, From: subscribe, IPv_Type: ipv6, Location: 中国-江苏-常州, ISP: 电信, Date: None, Delay: 2063 ms, Speed: 0.80 M/s, Resolution: 1920x1080
Name: 开化国家公园, URL: http://l.cztvcloud.com/channels/lantian/SXkaihua2/720p.m3u8?zzhed, From: subscribe, IPv_Type: ipv4, Location: 中国-上海-上海, ISP: 电信, Date: None, Delay: 2152 ms, Speed: 0.76 M/s, Resolution: 1280x720
Name: 开化国家公园, URL: http://l.cztvcloud.com/channels/lantian/SXkaihua2/720p.m3u8?zzhed#http://l.cztvcloud.com/channels/lantian/SXkaihua2/720p.m3u8zzhed#http://l.cztvcloud.com/channels/lantian/SXkaihua2/720p.m3u8, From: subscribe, IPv_Type: ipv4, Location: 中国-上海-上海, ISP: 电信, Date: None, Delay: 2887 ms, Speed: 0.71 M/s, Resolution: 1280x720
Name: 庆元综合, URL: http://l.cztvcloud.com/channels/lantian/SXqingyuan1/720p.m3u8?%E5%85%B3%E6%B3%A8%E5%BE%AE%E4%BF%A1%E5%85%AC%E4%BC%97%E5%8F%B7[%E6%99%B4%E5%9B%AD], From: subscribe, IPv_Type: ipv4, Location: 中国-上海-上海, ISP: 电信, Date: None, Delay: 2123 ms, Speed: 1.09 M/s, Resolution: 1920x1080
Name: 庆元综合, URL: http://l.cztvcloud.com/channels/lantian/SXqingyuan1/720p.m3u8?zzhed, From: subscribe, IPv_Type: ipv6, Location: 中国-江苏-常州, ISP: 电信, Date: None, Delay: 2109 ms, Speed: 1.06 M/s, Resolution: 1920x1080
Name: 庆元综合, URL: http://l.cztvcloud.com/channels/lantian/SXqingyuan1/720p.m3u8, From: subscribe, IPv_Type: ipv4, Location: 中国-江苏-苏州, ISP: 电信, Date: None, Delay: 2150 ms, Speed: 1.06 M/s, Resolution: 1920x1080
Name: 庆元综合, URL: http://l.cztvcloud.com/channels/lantian/SXqingyuan1/720p.m3u8?zzhed?, From: subscribe, IPv_Type: ipv4, Location: 中国-上海-上海, ISP: 电信, Date: None, Delay: 2294 ms, Speed: 1.05 M/s, Resolution: 1920x1080
Name: 庆元综合, URL: http://l.cztvcloud.com/channels/lantian/SXqingyuan1/720p.m3u8?zzhed[浙江]洞头综合频道, From: subscribe, IPv_Type: ipv4, Location: 中国-上海-上海, ISP: 电信, Date: None, Delay: 2387 ms, Speed: 1.04 M/s, Resolution: 1920x1080
Name: 庆元综合, URL: http://l.cztvcloud.com/channels/lantian/SXqingyuan1/720p.m3u8?fbl=, From: subscribe, IPv_Type: ipv4, Location: 中国-上海-上海, ISP: 电信, Date: None, Delay: 2213 ms, Speed: 1.04 M/s, Resolution: 1920x1080
Name: 平湖民生休闲, URL: http://l.cztvcloud.com/channels/lantian/SXpinghu2/720p.m3u8, From: subscribe, IPv_Type: ipv4, Location: 中国-上海-上海, ISP: 电信, Date: None, Delay: 1368 ms, Speed: 0.26 M/s, Resolution: 1280x720
Name: 平湖民生休闲, URL: http://l.cztvcloud.com/channels/lantian/SXpinghu2/720p.m3u8?zzhed#http://l.cztvcloud.com/channels/lantian/SXpinghu2/720p.m3u8, From: subscribe, IPv_Type: ipv4, Location: 中国-上海-上海, ISP: 电信, Date: None, Delay: 1344 ms, Speed: 0.25 M/s, Resolution: 1280x720
Name: 平湖民生休闲, URL: http://l.cztvcloud.com/channels/lantian/SXpinghu2/720p.m3u8?zzhed, From: subscribe, IPv_Type: ipv6, Location: 中国-江苏-常州, ISP: 电信, Date: None, Delay: 2263 ms, Speed: 0.20 M/s, Resolution: 1920x1080
Name: 平湖新闻综合, URL: http://play-sh13.quklive.com/live/1690167908295069.m3u8?auth_key=2027466211-f190eec410c24473825cbe1d8541e545-0-f21db57ae1b534802c1cf7be86cc3aef, From: subscribe, IPv_Type: ipv4, Location: 美国, ISP: 阿里云, Date: None, Delay: 1310 ms, Speed: 0.82 M/s, Resolution: 1280x720
Name: 平湖新闻综合, URL: http://l.cztvcloud.com/channels/lantian/SXpinghu1/720p.m3u8, From: subscribe, IPv_Type: ipv4, Location: 中国-上海-上海, ISP: 电信, Date: None, Delay: 1176 ms, Speed: 0.25 M/s, Resolution: 1280x720
Name: 平湖新闻综合, URL: http://l.cztvcloud.com/channels/lantian/SXpinghu1/720p.m3u8?zzhed, From: subscribe, IPv_Type: ipv6, Location: 中国-江苏-常州, ISP: 电信, Date: None, Delay: 1152 ms, Speed: 0.24 M/s, Resolution: 1920x1080
Name: 平湖新闻综合, URL: http://l.cztvcloud.com/channels/lantian/SXpinghu1/720p.m3u8?cWlkPSZzPTg3OWMwYmMyZDMzYTFhZGY3NDQxMjgyYTg1MmUzNTY0JmVzPTE3MDY2Nzc4NzMmdXVpZD0yMjdiY2MzNGNiNGY0MThlYjRiY2IxYzcwNmZjODNkMS02NzQ3NDY2NyZ2PTImYXM9MCZjZG5leF9pZD10eF9waG9uZV9saXZl, From: subscribe, IPv_Type: ipv4, Location: 中国-上海-上海, ISP: 电信, Date: None, Delay: 1753 ms, Speed: 0.22 M/s, Resolution: 1280x720
Name: 嵊泗综合, URL: http://l.cztvcloud.com/channels/lantian/SXshengsi1/720p.m3u8, From: subscribe, IPv_Type: ipv4, Location: 中国-江苏-南通, ISP: 电信, Date: None, Delay: 2641 ms, Speed: 0.77 M/s, Resolution: 720x576
Name: 嵊州新闻综合, URL: http://l.cztvcloud.com/channels/lantian/SXshengzhou1/720p.m3u8?zzhed#http://l.cztvcloud.com/channels/lantian/SXshengzhou1/720p.m3u8, From: subscribe, IPv_Type: ipv6, Location: 中国-江苏-常州, ISP: 电信, Date: None, Delay: 3016 ms, Speed: 0.72 M/s, Resolution: 1920x1080
Name: 嵊州新闻综合, URL: http://l.cztvcloud.com/channels/lantian/SXshengzhou1/720p.m3u8, From: subscribe, IPv_Type: ipv4, Location: 中国-上海-上海, ISP: 电信, Date: None, Delay: 3540 ms, Speed: 0.59 M/s, Resolution: 1280x720
Name: 嵊州新闻综合, URL: rtmp://play-sh11.quklive.com/live/1626935015913208, From: subscribe, IPv_Type: ipv4, Location: 美国, ISP: 阿里云, Date: None, Delay: 635 ms, Speed: 0.00 M/s, Resolution: None
Name: 兰溪新闻综合, URL: http://l.cztvcloud.com/channels/lantian/SXlanxi1/720p.m3u8?zzhed, From: subscribe, IPv_Type: ipv4, Location: 中国-上海-上海, ISP: 电信, Date: None, Delay: 2014 ms, Speed: 0.88 M/s, Resolution: 1280x720
Name: 兰溪新闻综合, URL: http://l.cztvcloud.com/channels/lantian/SXlanxi1/720p.m3u8?zzhed#http://l.cztvcloud.com/channels/lantian/SXlanxi1/720p.m3u8, From: subscribe, IPv_Type: ipv4, Location: 中国-上海-上海, ISP: 电信, Date: None, Delay: 2218 ms, Speed: 0.84 M/s, Resolution: 1280x720
Name: 兰溪新闻综合, URL: http://l.cztvcloud.com/channels/lantian/SXlanxi1/720p.m3u8, From: subscribe, IPv_Type: ipv6, Location: 中国-江苏-常州, ISP: 电信, Date: None, Delay: 3245 ms, Speed: 0.61 M/s, Resolution: 1920x1080
Name: 余杭综合, URL: http://l.cztvcloud.com/channels/lantian/SXyuhang1/720p.m3u8, From: subscribe, IPv_Type: ipv6, Location: 中国-江苏-常州, ISP: 电信, Date: None, Delay: 1797 ms, Speed: 0.69 M/s, Resolution: 1920x1080
Name: 余杭综合, URL: http://l.cztvcloud.com/channels/lantian/SXyuhang1/720p.m3u8?cWlkPSZzPTg3OWMwYmMyZDMzYTFhZGY3NDQxMjgyYTg1MmUzNTY0JmVzPTE3MDY2Nzc4NzMmdXVpZD0yMjdiY2MzNGNiNGY0MThlYjRiY2IxYzcwNmZjODNkMS02NzQ3NDY2NyZ2PTImYXM9MCZjZG5leF9pZD10eF9waG9uZV9saXZl, From: subscribe, IPv_Type: ipv4, Location: 中国-上海-上海, ISP: 电信, Date: None, Delay: 1966 ms, Speed: 0.64 M/s, Resolution: 1920x1080
Name: 余杭综合, URL: http://l.cztvcloud.com/channels/lantian/SXyuhang1/720p.m3u8?zzhed, From: subscribe, IPv_Type: ipv4, Location: 中国-上海-上海, ISP: 电信, Date: None, Delay: 2795 ms, Speed: 0.54 M/s, Resolution: 1920x1080
Name: 余杭未来E, URL: http://l.cztvcloud.com/channels/lantian/SXyuhang3/720p.m3u8, From: subscribe, IPv_Type: ipv6, Location: 中国-江苏-常州, ISP: 电信, Date: None, Delay: 2272 ms, Speed: 0.97 M/s, Resolution: 1920x1080
Name: 余杭未来E, URL: http://l.cztvcloud.com/channels/lantian/SXyuhang3/720p.m3u8?zzhed, From: subscribe, IPv_Type: ipv4, Location: 中国-上海-上海, ISP: 电信, Date: None, Delay: 3346 ms, Speed: 0.80 M/s, Resolution: 1920x1080
Name: 余姚综合, URL: https://l.cztvcloud.com/channels/lantian/SXyuyao1/720p.m3u8, From: subscribe, IPv_Type: ipv4, Location: 中国-江苏-南通, ISP: 电信, Date: None, Delay: 2198 ms, Speed: 0.85 M/s, Resolution: 1920x1080
Name: 云和新闻综合, URL: http://l.cztvcloud.com/channels/lantian/SXyunhe1/720p.m3u8, From: subscribe, IPv_Type: ipv6, Location: 中国-江苏-常州, ISP: 电信, Date: None, Delay: 2611 ms, Speed: 1.07 M/s, Resolution: 1920x1080
Name: 云和新闻综合, URL: http://l.cztvcloud.com/channels/lantian/SXyunhe1/720p.m3u8?zzhed, From: subscribe, IPv_Type: ipv4, Location: 中国-上海-上海, ISP: 电信, Date: None, Delay: 2741 ms, Speed: 1.06 M/s, Resolution: 1280x720
Name: 东阳影视生活, URL: http://l.cztvcloud.com/channels/lantian/SXdongyang1/720p.m3u8, From: subscribe, IPv_Type: ipv6, Location: 中国-江苏-常州, ISP: 电信, Date: None, Delay: 2380 ms, Speed: 1.24 M/s, Resolution: 1920x1080
Name: 上虞新闻综合, URL: http://l.cztvcloud.com/channels/lantian/SXshangyu1/720p.m3u8?zzhed, From: subscribe, IPv_Type: ipv6, Location: 中国-江苏-常州, ISP: 电信, Date: None, Delay: 2488 ms, Speed: 1.39 M/s, Resolution: 1920x1080
Name: 上虞新闻综合, URL: http://l.cztvcloud.com/channels/lantian/SXshangyu1/720p.m3u8?cWlkPSZzPTg3OWMwYmMyZDMzYTFhZGY3NDQxMjgyYTg1MmUzNTY0JmVzPTE3MDY2Nzc4NzMmdXVpZD0yMjdiY2MzNGNiNGY0MThlYjRiY2IxYzcwNmZjODNkMS02NzQ3NDY2NyZ2PTImYXM9MCZjZG5leF9pZD10eF9waG9uZV9saXZl, From: subscribe, IPv_Type: ipv4, Location: 中国-上海-上海, ISP: 电信, Date: None, Delay: 2604 ms, Speed: 1.38 M/s, Resolution: 1920x1080
Name: 上虞文化影院, URL: http://l.cztvcloud.com/channels/lantian/SXshangyu2/720p.m3u8, From: subscribe, IPv_Type: ipv4, Location: 中国-江苏-南通, ISP: 电信, Date: None, Delay: 3369 ms, Speed: 1.26 M/s, Resolution: 1920x1080
Name: 北京卡酷少儿, URL: http://218.13.170.98:9901/tsfile/live/1021_1.m3u8, From: subscribe, IPv_Type: ipv4, Location: 中国-广东-佛山, ISP: 电信, Date: None, Delay: 10839 ms, Speed: 0.11 M/s, Resolution: 720x576
Name: 北京新闻, URL: https://satellitepull.cnr.cn/live/wxbjxwgb/playlist.m3u8, From: subscribe, IPv_Type: ipv4, Location: 美国-德克萨斯州-达拉斯, ISP: 网宿科技CDN节点, Date: None, Delay: 45 ms, Speed: 2.35 M/s, Resolution: None
Name: 北京生活, URL: https://wstvcpudali.v.myalicdn.com/wstvcpud/udrmbtv7_1/index.m3u8?adapt=0&BR=audio, From: subscribe, IPv_Type: ipv4, Location: 中国-上海-上海, ISP: 电信, Date: None, Delay: 2208 ms, Speed: 0.06 M/s, Resolution: None
Name: 北京科教, URL: http://player.cntv.cn/standard/live_HLSDRM20180606.swf?ChannelID=btv3&P2PChannelID=pd://cctv_p2p_hdbtv3, From: subscribe, IPv_Type: ipv4, Location: 美国, ISP: CDNetworks, Date: None, Delay: 20 ms, Speed: 5.34 M/s, Resolution: 19x24
Name: 北京财经, URL: https://wstvcpudali.v.myalicdn.com/wstvcpud/udrmbtv5_1/index.m3u8?adapt=0&BR=audio, From: subscribe, IPv_Type: ipv4, Location: 中国-上海-上海, ISP: 电信, Date: None, Delay: 2548 ms, Speed: 0.05 M/s, Resolution: None
Name: 北京青年, URL: http://player.cntv.cn/standard/live_HLSDRM20180919.swf?v=180.171.5.8.9.6.3.9&ChannelID=btv8&videoTVChannel=btv8&P2PChannelID=pd://cctv_p2p_hdbtv8&tai=btv8&VideoName=btv8&channelID=btv8, From: subscribe, IPv_Type: ipv4, Location: 美国, ISP: CDNetworks, Date: None, Delay: 10 ms, Speed: 12.34 M/s, Resolution: 19x24
Name: 七彩戏剧, URL: http://139.196.151.191:2051/rtp/239.45.3.61:5140, From: subscribe, IPv_Type: ipv4, Location: 中国-上海-上海, ISP: 阿里云BGP数据中心, Date: None, Delay: 2395 ms, Speed: 0.07 M/s, Resolution: None
Name: 东方财经, URL: http://115.150.63.77:9902/tsfile/live/1042_1.m3u8, From: subscribe, IPv_Type: ipv4, Location: 中国-江西-赣州, ISP: 电信, Date: None, Delay: 10647 ms, Speed: 0.08 M/s, Resolution: 1920x1080
Name: 东方财经, URL: rtsp://115.153.245.70/PLTV/88888888/224/3221225609/iptv7995.smil, From: subscribe, IPv_Type: ipv4, Location: 中国-江西-宜春, ISP: 电信, Date: None, Delay: 10005 ms, Speed: 0.00 M/s, Resolution: None
Name: 东方财经, URL: rtsp://115.153.254.81/PLTV/88888888/224/3221225609/iptv7995.smil, From: subscribe, IPv_Type: ipv4, Location: 中国-江西-宜春, ISP: 电信, Date: None, Delay: 10005 ms, Speed: 0.00 M/s, Resolution: None
Name: 东方财经, URL: rtsp://115.153.240.228:554/PLTV/88888888/224/3221225609/iptv7995.smil, From: subscribe, IPv_Type: ipv4, Location: 中国-江西-宜春, ISP: 电信, Date: None, Delay: 10004 ms, Speed: 0.00 M/s, Resolution: None
Name: 东方财经, URL: rtsp://115.153.212.72/PLTV/88888888/224/3221225609/iptv7995.smil, From: subscribe, IPv_Type: ipv4, Location: 中国-江西-宜春, ISP: 电信, Date: None, Delay: 10005 ms, Speed: 0.00 M/s, Resolution: None
Name: 东方财经, URL: rtsp://115.153.233.154/PLTV/88888888/224/3221225609/iptv7995.smil, From: subscribe, IPv_Type: ipv4, Location: 中国-江西-宜春, ISP: 电信, Date: None, Delay: 10005 ms, Speed: 0.00 M/s, Resolution: None
Name: 新闻综合, URL: http://p2.vzan.com/slowlive/596867413819827251/live.m3u8, From: subscribe, IPv_Type: ipv4, Location: 美国-加利福尼亚州-圣克拉拉, ISP: 腾讯云, Date: None, Delay: 924 ms, Speed: 1.20 M/s, Resolution: 1024x768
Name: 新闻综合, URL: https://m3u8channel.yunxya.com/nmip-media/channellive/channel100028/playlist.m3u8, From: subscribe, IPv_Type: ipv4, Location: 中国-广东-东莞, ISP: 电信, Date: None, Delay: 2511 ms, Speed: 0.66 M/s, Resolution: 1920x1080
Name: 欢笑剧场, URL: rtsp://115.153.245.70/PLTV/88888888/224/3221225734/10000100000000060000000000901456_0.smil, From: subscribe, IPv_Type: ipv4, Location: 中国-江西-宜春, ISP: 电信, Date: None, Delay: 10005 ms, Speed: 0.00 M/s, Resolution: None
Name: 欢笑剧场, URL: rtsp://123.147.112.17:8089/04000001/01000000004000000000000000000411?AuthInfo=xxx&userid=gf001&userid=gf001, From: subscribe, IPv_Type: ipv4, Location: 中国-重庆-重庆, ISP: 联通, Date: None, Delay: 10006 ms, Speed: 0.00 M/s, Resolution: None
Name: 欢笑剧场, URL: http://183.220.107.138:4022/rtp/239.10.0.129:5140, From: subscribe, IPv_Type: ipv4, Location: 中国-四川-成都, ISP: 移动, Date: None, Delay: 371 ms, Speed: 0.00 M/s, Resolution: None
Name: 欢笑剧场, URL: http://38.75.136.137:98/gslb/dsdqpub/hxjchd.m3u8?auth=testpub, From: subscribe, IPv_Type: ipv4, Location: 美国-伊利诺伊州-库克, ISP: Cogent, Date: None, Delay: 19 ms, Speed: 0.00 M/s, Resolution: 1280x720
Name: 法治天地, URL: https://live.264788.xyz/channel/fazhitiandi?streamid=fe165cb56510151228c7f1f898f9cc2d&livekey=01WgOR41rriMmMkzNsd0UoaxJRwetZdxIvtVk, From: subscribe, IPv_Type: ipv4, Location: 美国, ISP: CloudFlare节点, Date: None, Delay: 267 ms, Speed: 0.00 M/s, Resolution: 1920x1080
Name: 纪实人文, URL: http://183.220.107.138:4022/rtp/239.10.0.192:5140, From: subscribe, IPv_Type: ipv4, Location: 中国-四川-成都, ISP: 移动, Date: None, Delay: 381 ms, Speed: 0.00 M/s, Resolution: None
Name: 都市剧场, URL: https://satellitepull.cnr.cn/live/wxcqxwgb/playlist.m3u8, From: subscribe, IPv_Type: ipv4, Location: 美国-华盛顿州-金, ISP: 网宿CDN西雅图节点, Date: None, Delay: 36 ms, Speed: 3.10 M/s, Resolution: None
Name: 金山电视台, URL: https://pili-live-hls.wdit.com.cn/wditlive/8818dfe5f4df45ba9a3f32964d172fb2b6d3.m3u8, From: subscribe, IPv_Type: ipv4, Location: 中国-香港, ISP: NTT, Date: None, Delay: 526 ms, Speed: 4.95 M/s, Resolution: 1920x1080
Name: 铜梁综合, URL: http://183.64.174.171:40123/ch1.m3u8?zzhongqd, From: subscribe, IPv_Type: ipv4, Location: 中国-重庆-重庆, ISP: 电信, Date: None, Delay: 3237 ms, Speed: 0.20 M/s, Resolution: 720x576
Name: 铜梁综合, URL: http://183.64.174.171:40123/ch1.m3u8, From: subscribe, IPv_Type: ipv4, Location: 中国-重庆-重庆, ISP: 电信, Date: None, Delay: 3771 ms, Speed: 0.15 M/s, Resolution: 720x576
Name: 重庆汽摩, URL: http://183.230.184.51:65500/tntv1.m3u8, From: subscribe, IPv_Type: ipv4, Location: 中国-重庆-重庆, ISP: 移动, Date: None, Delay: 4646 ms, Speed: 0.35 M/s, Resolution: 1920x1080
Name: 荣昌综合, URL: http://183.64.181.25:40023/rongchang01.m3u8?%E5%85%B3%E6%B3%A8%E5%BE%AE%E4%BF%A1%E5%85%AC%E4%BC%97%E5%8F%B7[%E6%99%B4%E5%9B%AD], From: subscribe, IPv_Type: ipv4, Location: 中国-重庆-重庆, ISP: 电信, Date: None, Delay: 2287 ms, Speed: 0.25 M/s, Resolution: 720x404
Name: 荣昌综合, URL: http://183.64.181.25:40023/rongchang01.m3u8, From: subscribe, IPv_Type: ipv4, Location: 中国-重庆-重庆, ISP: 电信, Date: None, Delay: 3075 ms, Speed: 0.16 M/s, Resolution: 720x404
Name: 江津新闻综合, URL: http://222.179.155.21:1935/ch1.m3u8?%E5%85%B3%E6%B3%A8%E5%BE%AE%E4%BF%A1%E5%85%AC%E4%BC%97%E5%8F%B7[%E6%99%B4%E5%9B%AD], From: subscribe, IPv_Type: ipv4, Location: 中国-重庆-重庆, ISP: 电信, Date: None, Delay: 10789 ms, Speed: 0.20 M/s, Resolution: 1920x1080
Name: 江津新闻综合, URL: http://222.179.155.21:1935/ch1.m3u8, From: subscribe, IPv_Type: ipv4, Location: 中国-重庆-重庆, ISP: 电信, Date: None, Delay: 10302 ms, Speed: 0.12 M/s, Resolution: 1920x1080
Name: 江津新闻综合, URL: http://222.179.155.21:1935/ch1.m3u8?zzhongqd, From: subscribe, IPv_Type: ipv4, Location: 中国-重庆-重庆, ISP: 电信, Date: None, Delay: 10306 ms, Speed: 0.06 M/s, Resolution: 1920x1080
Name: 垫江综合, URL: rtmp://play-sh.quklive.com/live/1672366847646284, From: subscribe, IPv_Type: ipv4, Location: 美国-科罗拉多州-布鲁姆菲尔德, ISP: Level3, Date: None, Delay: -1 ms, Speed: inf M/s, Resolution: 1920x1080
Name: 万州三峡移民, URL: http://123.146.162.24:8017/c2F0hmi/1000/live.m3u8, From: subscribe, IPv_Type: ipv4, Location: 中国-重庆-重庆, ISP: 联通, Date: None, Delay: 1215 ms, Speed: 0.07 M/s, Resolution: 720x576
Name: 万州三峡移民, URL: http://123.146.162.24:8017/c2F0hmi/1000/live.m3u8?zzhongqd, From: subscribe, IPv_Type: ipv4, Location: 中国-重庆-重庆, ISP: 联通, Date: None, Delay: 1210 ms, Speed: 0.07 M/s, Resolution: 720x576
Name: 重庆时尚购物, URL: http://183.220.107.138:4022/rtp/239.10.0.169:5140, From: subscribe, IPv_Type: ipv4, Location: 中国-四川-成都, ISP: 移动, Date: None, Delay: 399 ms, Speed: 0.00 M/s, Resolution: None
Name: 句容党建, URL: http://jrlive.jrntv.com:80/live/dangjian/playlist.m3u8, From: subscribe, IPv_Type: ipv4, Location: 中国-广西, ISP: 电信, Date: None, Delay: 1999 ms, Speed: 0.63 M/s, Resolution: 1280x720
Name: 句容党建, URL: http://jrlive.jrntv.com/live/_definst_/dangjians/playlist.m3u8?%E5%85%B3%E6%B3%A8%E5%BE%AE%E4%BF%A1%E5%85%AC%E4%BC%97%E5%8F%B7[%E6%99%B4%E5%9B%AD], From: subscribe, IPv_Type: ipv4, Location: 中国-广西, ISP: 电信, Date: None, Delay: 1936 ms, Speed: 0.59 M/s, Resolution: 720x576
Name: 句容党建, URL: http://jrlive.jrntv.com/live/_definst_/dangjians/playlist.m3u8, From: subscribe, IPv_Type: ipv4, Location: 中国-湖北-武汉, ISP: 电信, Date: None, Delay: 2145 ms, Speed: 0.57 M/s, Resolution: 720x576
Name: 句容影院, URL: http://jrlive.jrntv.com/live/_definst_/yingshis/chunklist_w1994429382.m3u8?zjiangsd, From: subscribe, IPv_Type: ipv4, Location: 中国-广西, ISP: 电信, Date: None, Delay: 1282 ms, Speed: 0.30 M/s, Resolution: 720x576
Name: 句容新闻综合, URL: http://jrlive.jrntv.com/live/_definst_/jrxwzhs/playlist.m3u8?zjiangsd, From: subscribe, IPv_Type: ipv4, Location: 中国-广西, ISP: 电信, Date: None, Delay: 1973 ms, Speed: 0.97 M/s, Resolution: 720x576
Name: 句容新闻综合, URL: http://jrlive.jrntv.com/live/_definst_/jrxwzhs/playlist.m3u8, From: subscribe, IPv_Type: ipv4, Location: 中国-广西, ISP: 电信, Date: None, Delay: 1955 ms, Speed: 0.91 M/s, Resolution: 720x576
Name: 句容生活, URL: http://jrlive.jrntv.com/live/_definst_/shenghuos/playlist.m3u8, From: subscribe, IPv_Type: ipv4, Location: 中国-湖北-武汉, ISP: 电信, Date: None, Delay: 1622 ms, Speed: 0.57 M/s, Resolution: 720x576
Name: 句容生活, URL: http://jrlive.jrntv.com/live/_definst_/shenghuos/playlist.m3u8?%E5%85%B3%E6%B3%A8%E5%BE%AE%E4%BF%A1%E5%85%AC%E4%BC%97%E5%8F%B7[%E6%99%B4%E5%9B%AD], From: subscribe, IPv_Type: ipv4, Location: 中国-广西, ISP: 电信, Date: None, Delay: 2204 ms, Speed: 0.48 M/s, Resolution: 720x576
Name: 宜兴新闻, URL: http://yixing-tv-ori-hls.jstv.com/yixing-tv-ori/yixing_xw.m3u8?zjiangsd, From: subscribe, IPv_Type: ipv4, Location: 中国-香港, ISP: OWS, Date: None, Delay: 541 ms, Speed: 6.08 M/s, Resolution: 1280x720
Name: 宜兴新闻, URL: http://yixing-tv-ori-hls.jstv.com/yixing-tv-ori/yixing_xw.m3u8, From: subscribe, IPv_Type: ipv4, Location: 中国-香港, ISP: NTT, Date: None, Delay: 570 ms, Speed: 6.00 M/s, Resolution: 1280x720
Name: 宜兴新闻, URL: https://yixing-tv-ori-hls.jstv.com/yixing-tv-ori/yixing_xw.m3u8, From: subscribe, IPv_Type: ipv4, Location: 中国-香港, ISP: OWS, Date: None, Delay: 572 ms, Speed: 5.80 M/s, Resolution: 1280x720
Name: 宜兴紫砂, URL: rtmp://yixing-tv-ori-hls.jstv.com/yixing-tv-ori/yixing_zs, From: subscribe, IPv_Type: ipv4, Location: 中国-香港, ISP: OWS, Date: None, Delay: -1 ms, Speed: inf M/s, Resolution: 1280x720
Name: 常熟民生, URL: rtmp://cstvplay.21cs.cn/cstv2/cstv2, From: subscribe, IPv_Type: ipv4, Location: 中国-上海-上海, ISP: 电信, Date: None, Delay: -1 ms, Speed: inf M/s, Resolution: 1280x720
Name: 新沂新闻, URL: http://live.xysrmt.cn/xwzh/sd/live.m3u8?zjiangsd", From: subscribe, IPv_Type: ipv6, Location: 中国, ISP: 中国电信, Date: None, Delay: 729 ms, Speed: 0.04 M/s, Resolution: 1920x1080
Name: 新沂生活, URL: http://live.xysrmt.cn/shpd/sd/live.m3u8?zjiangsd, From: subscribe, IPv_Type: ipv6, Location: 中国, ISP: 中国电信, Date: None, Delay: 3129 ms, Speed: 0.02 M/s, Resolution: 1920x1080
Name: 武进新闻, URL: http://live.wjyanghu.com/live/CH1.m3u8?%E5%85%B3%E6%B3%A8%E5%BE%AE%E4%BF%A1%E5%85%AC%E4%BC%97%E5%8F%B7[%E6%99%B4%E5%9B%AD], From: subscribe, IPv_Type: ipv4, Location: 中国-上海-上海, ISP: 阿里云, Date: None, Delay: 4709 ms, Speed: 0.10 M/s, Resolution: 720x576
Name: 武进新闻, URL: https://live.wjyanghu.com/live/CH1.m3u8?%E5%85%B3%E6%B3%A8%E5%BE%AE%E4%BF%A1%E5%85%AC%E4%BC%97%E5%8F%B7[%E6%99%B4%E5%9B%AD], From: subscribe, IPv_Type: ipv4, Location: 中国-上海-上海, ISP: 阿里云, Date: None, Delay: 4714 ms, Speed: 0.10 M/s, Resolution: 720x576
Name: 武进新闻, URL: https://live.wjyanghu.com/live/CH1.m3u8, From: subscribe, IPv_Type: ipv4, Location: 中国-上海-上海, ISP: 阿里云, Date: None, Delay: 9925 ms, Speed: 0.07 M/s, Resolution: 720x576
Name: 武进生活, URL: https://live.wjyanghu.com/live/CH2.m3u8, From: subscribe, IPv_Type: ipv4, Location: 中国-上海-上海, ISP: 阿里云, Date: None, Delay: 4052 ms, Speed: 0.10 M/s, Resolution: 720x576
Name: 武进生活, URL: http://live.wjyanghu.com/live/CH2.m3u8, From: subscribe, IPv_Type: ipv4, Location: 中国-上海-上海, ISP: 阿里云, Date: None, Delay: 4006 ms, Speed: 0.09 M/s, Resolution: 720x576
Name: 武进生活, URL: https://live.wjyanghu.com/live/CH2.m3u8?%E5%85%B3%E6%B3%A8%E5%BE%AE%E4%BF%A1%E5%85%AC%E4%BC%97%E5%8F%B7[%E6%99%B4%E5%9B%AD], From: subscribe, IPv_Type: ipv4, Location: 中国-上海-上海, ISP: 阿里云, Date: None, Delay: 4211 ms, Speed: 0.09 M/s, Resolution: 720x576
Name: 江宁新闻, URL: rtmp://jiangning-tv-hls.cm.jstv.com/jiangning-tv/jnxwzh, From: subscribe, IPv_Type: ipv4, Location: 中国-香港, ISP: OWS, Date: None, Delay: 639 ms, Speed: 0.00 M/s, Resolution: None
Name: 泗洪新闻综合, URL: http://3739115337.cloudvdn.com/a.m3u8?domain=siyang-tv-hls.cm.jstv.com&player=nwEAAKHdjSKP_58X&secondToken=secondToken%3A5FUijZmDyNMxtCDdne0YzSAwjuw&streamid=siyang-tv%3Asiyang-tv%2Fsiyangzh&v3=1, From: subscribe, IPv_Type: ipv4, Location: 中国-河北-保定, ISP: 电信, Date: None, Delay: 2353 ms, Speed: 0.45 M/s, Resolution: 1920x1080
Name: 涟水电视台综合, URL: rtmp://lianshui-tv-hls.cm.jstv.com/lianshui-tv/lsxw, From: subscribe, IPv_Type: ipv6, Location: 中国, ISP: 中国移动, Date: None, Delay: 417 ms, Speed: 0.00 M/s, Resolution: None
Name: 淮阴综合, URL: https://huaiyin-tv-replay.cm.jstv.com/huaiyin-tv/huaiyinf.m3u8, From: subscribe, IPv_Type: ipv6, Location: 中国, ISP: 中国电信, Date: None, Delay: 3263 ms, Speed: 0.88 M/s, Resolution: 1920x1080
Name: 睢宁综合, URL: rtmp://221.229.243.45:1935/live/live1, From: subscribe, IPv_Type: ipv4, Location: 中国-江苏-徐州, ISP: 电信, Date: None, Delay: -1 ms, Speed: inf M/s, Resolution: 1280x720
Name: 睢宁综合, URL: https://live-auth.51kandianshi.com/szgd/csztv4k_hd.m3u8, From: subscribe, IPv_Type: ipv4, Location: 美国-加利福尼亚州-圣克拉拉, ISP: 腾讯云, Date: None, Delay: 270 ms, Speed: 1.78 M/s, Resolution: 1280x720
Name: 苏州文化生活, URL: https://live-auth.51kandianshi.com/szgd/csztv3.m3u8, From: subscribe, IPv_Type: ipv4, Location: 美国-加利福尼亚州-圣克拉拉, ISP: 腾讯云, Date: None, Delay: 886 ms, Speed: 0.40 M/s, Resolution: 1280x720
Name: 苏州文化生活, URL: rtmp://csztv.2500sz.com/live/c03, From: subscribe, IPv_Type: ipv4, Location: 中国-江苏-苏州, ISP: 电信, Date: None, Delay: 3514 ms, Speed: 0.00 M/s, Resolution: None
Name: 苏州新闻综合, URL: https://live-auth.51kandianshi.com/szgd/csztv1.m3u8, From: subscribe, IPv_Type: ipv4, Location: 中国-江苏-常州, ISP: 电信, Date: None, Delay: 811 ms, Speed: 1.95 M/s, Resolution: 1920x1080
Name: 苏州生活资讯, URL: https://live-auth.51kandianshi.com/szgd/csztv5.m3u8, From: subscribe, IPv_Type: ipv4, Location: 美国-加利福尼亚州-圣克拉拉, ISP: 腾讯云, Date: None, Delay: 901 ms, Speed: 0.38 M/s, Resolution: 1280x720
Name: 苏州生活资讯, URL: rtmp://csztv.2500sz.com/live/c04, From: subscribe, IPv_Type: ipv4, Location: 中国-江苏-苏州, ISP: 电信, Date: None, Delay: 5083 ms, Speed: 0.00 M/s, Resolution: None
Name: 苏州社会经济, URL: https://live-auth.51kandianshi.com/szgd/csztv2.m3u8, From: subscribe, IPv_Type: ipv4, Location: 中国-江苏-常州, ISP: 电信, Date: None, Delay: 714 ms, Speed: 1.82 M/s, Resolution: 1920x1080
Name: 赣榆新闻综合, URL: rtmp://ganyu-tv-hls.cm.jstv.com/ganyu-tv/ganyutv, From: subscribe, IPv_Type: ipv4, Location: 中国-香港, ISP: OWS, Date: None, Delay: 469 ms, Speed: 0.00 M/s, Resolution: None
Name: 镇江二套社会民生, URL: http://zjtv-wshls.homecdn.com/live/2aa16.m3u8, From: subscribe, IPv_Type: ipv4, Location: 美国-伊利诺伊州-库克, ISP: 网宿CDN节点, Date: None, Delay: 4095 ms, Speed: 0.49 M/s, Resolution: 1920x1080
Name: 镇江新闻综合, URL: https://iptv.catvod.com/live.php?id=%E9%95%87%E6%B1%9F%E6%96%B0%E9%97%BB%E7%BB%BC%E5%90%88, From: subscribe, IPv_Type: ipv4, Location: 美国-加利福尼亚州-洛杉矶, ISP: IT7网络, Date: None, Delay: 30 ms, Speed: 19.55 M/s, Resolution: 1920x1080
Name: 镇江新闻综合, URL: https://iptv.catvod.com/live.php?id=%E9%95%87%E6%B1%9F%E6%96%B0%E9%97%BB%E7%BB%BC%E5%90%88&line=1, From: subscribe, IPv_Type: ipv4, Location: 美国-加利福尼亚州-洛杉矶, ISP: IT7网络, Date: None, Delay: 31 ms, Speed: 19.26 M/s, Resolution: 1920x1080
Name: 镇江新闻综合, URL: http://zjtv-wshls.homecdn.com/live/2aa50.m3u8, From: subscribe, IPv_Type: ipv4, Location: 美国-伊利诺伊州-库克, ISP: 网宿CDN节点, Date: None, Delay: 161 ms, Speed: 6.99 M/s, Resolution: 1920x1080
Name: 镇江新闻综合, URL: http://cm-wshls.homecdn.com/live/2aa50.m3u8, From: subscribe, IPv_Type: ipv4, Location: 美国-伊利诺伊州-库克, ISP: 网宿CDN节点, Date: None, Delay: 598 ms, Speed: 2.75 M/s, Resolution: 1920x1080
Name: 镇江新闻综合, URL: http://zjtv-wshls.homecdn.com/live/2aa50.m3u8?wsSession=a263bdc5a26cd01b57a80359-170493712215358&wsIPSercert=f56bd6194d219a5172dbed60eca6e9b0, From: subscribe, IPv_Type: ipv4, Location: 美国-伊利诺伊州-库克, ISP: 网宿CDN节点, Date: None, Delay: 667 ms, Speed: 2.60 M/s, Resolution: 1920x1080
Name: 靖江新闻综合, URL: https://satellitepull.cnr.cn/live/wxlnjjtb/playlist.m3u8, From: subscribe, IPv_Type: ipv4, Location: 美国-德克萨斯州-达拉斯, ISP: 网宿科技CDN节点, Date: None, Delay: 46 ms, Speed: 2.26 M/s, Resolution: None
Name: 朝阳新闻综合, URL: http://120.76.248.139/live/bfgd/4200000282.m3u8, From: subscribe, IPv_Type: ipv4, Location: 中国-浙江-杭州, ISP: 阿里云BGP数据中心, Date: None, Delay: 7783 ms, Speed: 0.70 M/s, Resolution: 1920x1080
Name: 辽宁北方, URL: http://120.76.248.139/live/bfgd/4200000071.m3u8, From: subscribe, IPv_Type: ipv4, Location: 中国-浙江-杭州, ISP: 阿里云BGP数据中心, Date: None, Delay: 5964 ms, Speed: 0.95 M/s, Resolution: 1280x720
Name: 辽宁北方, URL: http://dassby.qqff.top:99/live/辽宁北方/index.m3u8, From: subscribe, IPv_Type: ipv4, Location: 中国-辽宁-鞍山, ISP: 联通, Date: None, Delay: 10352 ms, Speed: 0.05 M/s, Resolution: 1920x1080
Name: 辽宁影视剧, URL: http://120.76.248.139/live/bfgd/4200000070.m3u8, From: subscribe, IPv_Type: ipv4, Location: 中国-浙江-杭州, ISP: 阿里云BGP数据中心, Date: None, Delay: 2425 ms, Speed: 1.06 M/s, Resolution: 1280x720
Name: 辽宁影视剧, URL: http://dassby.qqff.top:99/live/辽宁影视剧/index.m3u8, From: subscribe, IPv_Type: ipv4, Location: 中国-辽宁-鞍山, ISP: 联通, Date: None, Delay: 10985 ms, Speed: 0.03 M/s, Resolution: 1920x1080
Name: 辽宁影视剧, URL: http://dassby.qqff.top:99/live/%E8%BE%BD%E5%AE%81%E5%BD%B1%E8%A7%86%E5%89%A7/index.m3u8, From: subscribe, IPv_Type: ipv4, Location: 中国-辽宁-鞍山, ISP: 联通, Date: None, Delay: 10054 ms, Speed: 0.03 M/s, Resolution: 1920x1080
Name: 辽宁教育青少, URL: http://120.76.248.139/live/bfgd/4200000075.m3u8, From: subscribe, IPv_Type: ipv4, Location: 中国-浙江-杭州, ISP: 阿里云BGP数据中心, Date: None, Delay: 2329 ms, Speed: 1.06 M/s, Resolution: 1280x720
Name: 辽宁教育青少, URL: http://dassby.qqff.top:99/live/辽宁教育青少/index.m3u8, From: subscribe, IPv_Type: ipv4, Location: 中国-辽宁-鞍山, ISP: 联通, Date: None, Delay: 10388 ms, Speed: 0.04 M/s, Resolution: 1920x1080
Name: 辽宁生活, URL: http://120.76.248.139/live/bfgd/4200000073.m3u8, From: subscribe, IPv_Type: ipv4, Location: 中国-浙江-杭州, ISP: 阿里云BGP数据中心, Date: None, Delay: 2713 ms, Speed: 2.17 M/s, Resolution: 1280x720
Name: 辽宁生活, URL: http://dassby.qqff.top:99/live/辽宁生活/index.m3u8, From: subscribe, IPv_Type: ipv4, Location: 中国-辽宁-鞍山, ISP: 联通, Date: None, Delay: 10625 ms, Speed: 0.05 M/s, Resolution: 1920x1080
Name: 辽宁都市, URL: https://ls.qingting.fm/live/1099/64k.m3u8, From: subscribe, IPv_Type: ipv6, Location: 中国-广东-东莞, ISP: 电信, Date: None, Delay: 2153 ms, Speed: 0.06 M/s, Resolution: 1920x1080
Name: 湖南爱晚, URL: http://php.jdshipin.com:8880/iptv.php, From: subscribe, IPv_Type: ipv6, Location: 美国, ISP: CloudFlare Inc., Date: None, Delay: 302 ms, Speed: 3.02 M/s, Resolution: 1920x1080
Name: 长沙新闻综合, URL: http://ls.qingting.fm/live/4877.m3u8, From: subscribe, IPv_Type: ipv6, Location: 中国-广东-东莞, ISP: 电信, Date: None, Delay: 595 ms, Speed: 0.10 M/s, Resolution: 1920x1080
Name: 衡阳新闻综合, URL: https://liveplay-srs.voc.com.cn/hls/tv/183_554704.m3u8, From: subscribe, IPv_Type: ipv4, Location: 中国-湖南, ISP: 移动, Date: None, Delay: 10476 ms, Speed: 0.01 M/s, Resolution: 800x480
Name: 江夏新闻综合, URL: http://59.175.226.142:280/gb28181/xwzh.m3u8?%E5%85%B3%E6%B3%A8%E5%BE%AE%E4%BF%A1%E5%85%AC%E4%BC%97%E5%8F%B7[%E6%99%B4%E5%9B%AD], From: subscribe, IPv_Type: ipv4, Location: 中国-湖北-武汉, ISP: 电信, Date: None, Delay: 2432 ms, Speed: 0.39 M/s, Resolution: 720x576
Name: 江夏新闻综合, URL: http://59.175.226.142:280/gb28181/xwzh.m3u8, From: subscribe, IPv_Type: ipv4, Location: 中国-湖北-武汉, ISP: 电信, Date: None, Delay: 2370 ms, Speed: 0.37 M/s, Resolution: 720x576
Name: 江夏新闻综合, URL: http://59.175.226.142:280/gb28181/xwzh.m3u8?zhubd, From: subscribe, IPv_Type: ipv4, Location: 中国-湖北-武汉, ISP: 电信, Date: None, Delay: 2906 ms, Speed: 0.34 M/s, Resolution: 720x576
Name: 荆门新闻综合, URL: http://stream.jmtv.com.cn/xwzh/sd/live.m3u8, From: subscribe, IPv_Type: ipv6, Location: 中国, ISP: 中国电信, Date: None, Delay: 3007 ms, Speed: 0.39 M/s, Resolution: 1920x1080
Name: 荆门新闻综合, URL: http://stream.jmtv.com.cn/xwzh/sd/live.m3u8?%E5%85%B3%E6%B3%A8%E5%BE%AE%E4%BF%A1%E5%85%AC%E4%BC%97%E5%8F%B7[%E6%99%B4%E5%9B%AD], From: subscribe, IPv_Type: ipv4, Location: 中国-湖北-荆门, ISP: 电信, Date: None, Delay: 3115 ms, Speed: 0.34 M/s, Resolution: 1920x1080
Name: 南宁公共, URL: rtmp://live.gxrb.com.cn/tv/nntv_gg, From: subscribe, IPv_Type: ipv4, Location: 中国-广西-南宁, ISP: 电信, Date: None, Delay: -1 ms, Speed: inf M/s, Resolution: 1280x720
Name: 南宁新闻综合, URL: rtmp://tv.qntv.net/channellive/ch1?zguizd, From: subscribe, IPv_Type: ipv4, Location: 中国-贵州-黔南布依族苗族自治州, ISP: 联通, Date: None, Delay: -1 ms, Speed: inf M/s, Resolution: 1920x1080
Name: 南宁都市生活, URL: http://615bbf179ba53515dccad7b1da5d1ad9.livehwc3.cn/hls.nntv.cn/nnlive/WLSH_24.m3u8?sub_m3u8=true&edge_slice=true&user_session_id=2598844eaee8a4265e706fc14b3fc11d, From: subscribe, IPv_Type: ipv6, Location: 中国, ISP: 中国电信, Date: None, Delay: 1030 ms, Speed: 0.25 M/s, Resolution: 1920x1080
Name: 宾阳综合, URL: http://zb.gxlbamc.com:1935/live/lbzh.stream/playlist.m3u8, From: subscribe, IPv_Type: ipv4, Location: 中国-广西, ISP: 移动, Date: None, Delay: 10563 ms, Speed: 0.36 M/s, Resolution: 1920x1080
Name: 宾阳综合, URL: rtmp://live.gxrb.com.cn/gx/binyang, From: subscribe, IPv_Type: ipv4, Location: 中国-广西-南宁, ISP: 电信, Date: None, Delay: 5282 ms, Speed: 0.00 M/s, Resolution: None
Name: 灌阳新闻综合, URL: https://ls.qingting.fm/live/5043/64k.m3u8, From: subscribe, IPv_Type: ipv6, Location: 中国-广东-东莞, ISP: 电信, Date: None, Delay: 1840 ms, Speed: 0.05 M/s, Resolution: 1920x1080
Name: 广西新闻, URL: http://38.75.136.137:98/gslb/dsdqpub/gxxw.m3u8?auth=testpub, From: subscribe, IPv_Type: ipv4, Location: 美国-伊利诺伊州-库克, ISP: Cogent, Date: None, Delay: 648 ms, Speed: 4.79 M/s, Resolution: 1920x1080
Name: 广西国际, URL: https://hlscdn.liangtv.cn/live/0234c48e0bc24fe1b41b9999a253e581/1075ee38e04f490690f6a36a16e09c79.m3u8, From: subscribe, IPv_Type: ipv6, Location: 中国-江苏-扬州, ISP: 电信, Date: None, Delay: 632 ms, Speed: 2.19 M/s, Resolution: 1920x1080
Name: 南宁影视娱乐, URL: rtmp://hls.nntv.cn/nnlive/YSYL_244, From: subscribe, IPv_Type: ipv4, Location: 中国-江苏-扬州, ISP: 电信, Date: None, Delay: -1 ms, Speed: inf M/s, Resolution: 1280x720
Name: 南宁影视娱乐, URL: http://hls.nntv.cn/nnlive/YSYL_244.m3u8, From: subscribe, IPv_Type: ipv4, Location: 中国-江苏-扬州, ISP: 电信, Date: None, Delay: 1131 ms, Speed: 0.30 M/s, Resolution: 1280x720
Name: 南宁影视娱乐, URL: https://hls.nntv.cn/nnlive/YSYL_244.m3u8, From: subscribe, IPv_Type: ipv4, Location: 中国, ISP: 移动, Date: None, Delay: 1426 ms, Speed: 0.06 M/s, Resolution: 1280x720
Name: 津南一套, URL: http://play.jinnantv.top/live/JNTV1.m3u8?ztianjd, From: subscribe, IPv_Type: ipv4, Location: 美国-伊利诺伊州-库克, ISP: 网宿CDN节点, Date: None, Delay: 59 ms, Speed: 3.98 M/s, Resolution: 720x576
Name: 津南一套, URL: http://61.147.106.103/play.jinnantv.top/live/JNTV1.m3u8?ztianjd&wsSession=4e59297ef5846f4a7cf02eb3-172672213891355&wsIPSercert=6d426cba8b106cdec9147b1e2a9ace7c&wsiphost=local&wsBindIP=1, From: subscribe, IPv_Type: ipv4, Location: 中国-江苏-扬州, ISP: 电信, Date: None, Delay: 918 ms, Speed: 0.25 M/s, Resolution: 720x576
Name: 武清综合, URL: https://tvpull.smartwq.cn/wqlive/convergencemedia/playlist.m3u8?ztianjd, From: subscribe, IPv_Type: ipv4, Location: 美国-伊利诺伊州-库克, ISP: 网宿CDN节点, Date: None, Delay: 640 ms, Speed: 2.48 M/s, Resolution: 720x576
Name: 乐山新闻综合, URL: http://pwpull.leshan.cn:80/live/21609091019110008654ed1a00000000/playlist.m3u8, From: subscribe, IPv_Type: ipv4, Location: 美国-伊利诺伊州-库克, ISP: 网宿CDN节点, Date: None, Delay: 126 ms, Speed: 7.91 M/s, Resolution: 1280x720
Name: 乐至综合, URL: http://175.155.106.72:89/live1/live1.m3u8?zsicd;http://rmlive.lzxrmtzx.com/live1/live1.m3u8?zsicd, From: subscribe, IPv_Type: ipv4, Location: 中国-四川-德阳, ISP: 联通, Date: None, Delay: 2634 ms, Speed: 0.83 M/s, Resolution: 1920x1080
Name: 井研综合, URL: http://tvfile.jyrmt.cn/nmip-media/channellive/channel104452/playlist.m3u8, From: subscribe, IPv_Type: ipv4, Location: 中国-四川, ISP: 广电网, Date: None, Delay: 3096 ms, Speed: 0.65 M/s, Resolution: 1920x1080
Name: 仁寿综合, URL: https://play.scrstv.com.cn/DT/live.m3u8?auth_key=60001724663204-0-0-c1cc4ded9841ac34f63cdbd3aec647ef, From: subscribe, IPv_Type: ipv4, Location: 中国-上海-上海, ISP: 电信, Date: None, Delay: 1571 ms, Speed: 0.05 M/s, Resolution: None
Name: 凉山新闻综合, URL: rtmp://tv.drs.i0834.cn/channellive/ch1?zsicd, From: subscribe, IPv_Type: ipv4, Location: 中国-四川-凉山彝族自治州, ISP: 电信, Date: None, Delay: -1 ms, Speed: inf M/s, Resolution: 720x404
Name: 凉山新闻综合, URL: rtmp://tv.drs.yizu.tv/channellive/ch1?zsicd, From: subscribe, IPv_Type: ipv4, Location: 中国-四川-凉山彝族自治州, ISP: 电信, Date: None, Delay: -1 ms, Speed: inf M/s, Resolution: 720x404
Name: 凉山语, URL: rtmp://tv.drs.i0834.cn/channellive/ch2?zsicd, From: subscribe, IPv_Type: ipv4, Location: 中国-四川-凉山彝族自治州, ISP: 电信, Date: None, Delay: -1 ms, Speed: inf M/s, Resolution: 720x404
Name: 凉山语, URL: rtmp://tv.drs.yizu.tv/channellive/ch2?zsicd, From: subscribe, IPv_Type: ipv4, Location: 中国-四川-凉山彝族自治州, ISP: 电信, Date: None, Delay: -1 ms, Speed: inf M/s, Resolution: 720x404
Name: 剑阁综合, URL: https://m3u8.channel.dzsm.com/nmip-media/channellive/channel105549/playlist.m3u8, From: subscribe, IPv_Type: ipv4, Location: 中国-四川, ISP: 移动, Date: None, Delay: 10223 ms, Speed: 0.03 M/s, Resolution: 960x528
Name: 叙州新闻综合, URL: http://pili-live-hls.ybcxjd.com/jdh-live/2108111201035597.m3u8, From: subscribe, IPv_Type: ipv4, Location: 中国-浙江-温州, ISP: 电信, Date: None, Delay: 484 ms, Speed: 4.06 M/s, Resolution: 1920x1080
Name: 叙州新闻综合, URL: http://pili-live-hls.ybcxjd.com/jdh-live/2108111201035597.m3u8?zsicd, From: subscribe, IPv_Type: ipv4, Location: 中国-香港, ISP: NTT, Date: None, Delay: 480 ms, Speed: 4.05 M/s, Resolution: 1920x1080
Name: 叙州新闻综合, URL: http://2061827161.cloudvdn.com/a.m3u8?domain=pili-live-hls.ybcxjd.com&player=IjsAAN-1KyqjjPYX&secondToken=secondToken%3AMHl3QtaAs-H2KkHpuGUAlKuJ9a8&streamid=jdh-live%3Ajdh-live%2F2108111201035597&v3=1, From: subscribe, IPv_Type: ipv4, Location: 中国-浙江-温州, ISP: 电信, Date: None, Delay: 3573 ms, Speed: 0.71 M/s, Resolution: 1920x1080
Name: 叙永综合, URL: rtmp://luzhi.xuyongrongmei.com:1935/live/xyxw?zsicd, From: subscribe, IPv_Type: ipv6, Location: 中国, ISP: 中国电信, Date: None, Delay: -1 ms, Speed: inf M/s, Resolution: 1920x1080
Name: 名山综合, URL: rtmp://tv.yunxya.com:1937/channellive/mingshan, From: subscribe, IPv_Type: ipv4, Location: 中国-四川-雅安, ISP: 电信, Date: None, Delay: -1 ms, Speed: inf M/s, Resolution: 1920x1080
Name: 夹江新闻综合, URL: https://m3u8.channel.dzsm.com/nmip-media/channellive/channel101257/playlist.m3u8, From: subscribe, IPv_Type: ipv4, Location: 中国-四川, ISP: 移动, Date: None, Delay: 10728 ms, Speed: 0.03 M/s, Resolution: 1280x720
Name: 夹江新闻综合, URL: rtmp://tv.jjrm.org.cn/channellive/ch1?zsicd, From: subscribe, IPv_Type: ipv4, Location: 中国-四川, ISP: 广电网, Date: None, Delay: 5386 ms, Speed: 0.00 M/s, Resolution: None
Name: 宝兴综合, URL: rtmp://tv.yunxya.com:1937/channellive/baoxing, From: subscribe, IPv_Type: ipv4, Location: 中国-四川-雅安, ISP: 电信, Date: None, Delay: -1 ms, Speed: inf M/s, Resolution: 1920x1080
Name: 小金综合, URL: rtmp://xjlive.xjxrmt.cn/live/xwpd, From: subscribe, IPv_Type: ipv4, Location: 中国-四川-成都, ISP: 电信, Date: None, Delay: -1 ms, Speed: inf M/s, Resolution: 1920x1080
Name: 广元综合, URL: https://m3u8.channel.dzsm.com/nmip-media/channellive/channel100999/playlist.m3u8, From: subscribe, IPv_Type: ipv4, Location: 中国-四川, ISP: 移动, Date: None, Delay: 10059 ms, Speed: 0.03 M/s, Resolution: 1280x720
Name: 广安公共, URL: http://live1.gatv.com.cn:85/live/GGPD.m3u8, From: subscribe, IPv_Type: ipv4, Location: 中国-四川-广安, ISP: 电信, Date: None, Delay: 1181 ms, Speed: 0.00 M/s, Resolution: 1920x1080
Name: 旺苍新闻综合, URL: rtmp://tv.wcrmt.cn/channellive/ch1, From: subscribe, IPv_Type: ipv4, Location: 中国-四川-广元, ISP: 广电网, Date: None, Delay: -1 ms, Speed: inf M/s, Resolution: 1920x1080
Name: 旺苍新闻综合, URL: http://live.spccmc.com:90/live/spxwzh.m3u8?%E5%85%B3%E6%B3%A8%E5%BE%AE%E4%BF%A1%E5%85%AC%E4%BC%97%E5%8F%B7[%E6%99%B4%E5%9B%AD], From: subscribe, IPv_Type: ipv6, Location: 中国, ISP: 中国电信, Date: None, Delay: 1504 ms, Speed: 0.00 M/s, Resolution: 1920x1080
Name: 朝天综合, URL: https://m3u8.channel.dzsm.com/nmip-media/channellive/channel104601/playlist.m3u8, From: subscribe, IPv_Type: ipv4, Location: 中国-四川, ISP: 移动, Date: None, Delay: 10492 ms, Speed: 0.03 M/s, Resolution: 960x528
Name: 汶川新闻综合, URL: rtmp://live.iwcmt.cn:1936/live/zhxw, From: subscribe, IPv_Type: ipv6, Location: 中国, ISP: 中国移动, Date: None, Delay: -1 ms, Speed: inf M/s, Resolution: 1920x1080
Name: 汶川新闻综合, URL: http://live.iwcmt.cn:90/live/zhxw.m3u8, From: subscribe, IPv_Type: ipv6, Location: 中国, ISP: 中国移动, Date: None, Delay: 406 ms, Speed: 0.00 M/s, Resolution: 1920x1080
Name: 沐川综合, URL: rtmp://tv.mcrm.org.cn:1935/channellive/tv01, From: subscribe, IPv_Type: ipv4, Location: 中国-四川-乐山, ISP: 电信, Date: None, Delay: -1 ms, Speed: inf M/s, Resolution: 1920x1080
Name: 泸县新闻综合, URL: https://m3u8channel.ganzitv.com/nmip-media/channellive/channel1/playlist.m3u8, From: subscribe, IPv_Type: ipv6, Location: 中国, ISP: 中国电信, Date: None, Delay: 3046 ms, Speed: 0.70 M/s, Resolution: 1920x1080
Name: 石棉综合, URL: rtmp://tv.yunxya.com:1937/channellive/shimian, From: subscribe, IPv_Type: ipv4, Location: 中国-四川-雅安, ISP: 电信, Date: None, Delay: -1 ms, Speed: inf M/s, Resolution: 1920x1080
Name: 荥经综合, URL: rtmp://tv.yunxya.com:1937/channellive/yingjing, From: subscribe, IPv_Type: ipv4, Location: 中国-四川-雅安, ISP: 电信, Date: None, Delay: -1 ms, Speed: inf M/s, Resolution: 1920x1080
Name: 荥经综合, URL: https://file.ysxtv.cn/nmip-media/channellive/channel101492/playlist.m3u8, From: subscribe, IPv_Type: ipv6, Location: 中国, ISP: 中国电信, Date: None, Delay: 2895 ms, Speed: 0.45 M/s, Resolution: 1280x720
Name: 金川新闻综合, URL: rtmp://live.jinchuanrmt.com/live/zhxw, From: subscribe, IPv_Type: ipv4, Location: 中国-四川, ISP: 电信, Date: None, Delay: -1 ms, Speed: inf M/s, Resolution: 1920x1080
Name: 金川新闻综合, URL: rtmp://139.203.180.9/live/zhxw, From: subscribe, IPv_Type: ipv4, Location: 中国-四川, ISP: 电信, Date: None, Delay: -1 ms, Speed: inf M/s, Resolution: 1920x1080
Name: 长宁综合, URL: rtmp://cnpull.sccnfb.com/live/123456, From: subscribe, IPv_Type: ipv4, Location: 中国-河南-信阳, ISP: 电信, Date: None, Delay: -1 ms, Speed: inf M/s, Resolution: 1920x1080
Name: 雅安雨城, URL: https://m3u8channel-yc.yunxya.com/nmip-media/channellive/channel100103/playlist.m3u8, From: subscribe, IPv_Type: ipv4, Location: 中国-广东-东莞, ISP: 电信, Date: None, Delay: 1960 ms, Speed: 0.73 M/s, Resolution: 720x576
Name: 青川综合, URL: http://qcfile.qcrmt.com/nmip-media/channellive/channel100933/playlist.m3u8, From: subscribe, IPv_Type: ipv4, Location: 中国-四川, ISP: 广电网, Date: None, Delay: 10307 ms, Speed: 0.12 M/s, Resolution: 1920x1080
Name: 马尔康综合, URL: rtmp://live.zmmek.com/live/zhxw, From: subscribe, IPv_Type: ipv4, Location: 中国-四川-阿坝藏族羌族自治州, ISP: 联通, Date: None, Delay: 5262 ms, Speed: 0.00 M/s, Resolution: None
Name: 陕西公共, URL: http://ls.qingting.fm/live/1222.m3u8, From: subscribe, IPv_Type: ipv6, Location: 中国-广东-东莞, ISP: 电信, Date: None, Delay: 956 ms, Speed: 0.07 M/s, Resolution: 1920x1080
Name: 三明新闻综合, URL: http://ls.qingting.fm/live/4885.m3u8, From: subscribe, IPv_Type: ipv6, Location: 中国-广东-东莞, ISP: 电信, Date: None, Delay: 655 ms, Speed: 0.10 M/s, Resolution: 1920x1080
Name: 三明新闻综合, URL: https://ls.qingting.fm/live/5022100/64k.m3u8, From: subscribe, IPv_Type: ipv6, Location: 中国-广东-东莞, ISP: 电信, Date: None, Delay: 964 ms, Speed: 0.08 M/s, Resolution: 1920x1080
Name: 云霄综合, URL: http://live.zzyxxw.com:85/live/xwzh.m3u8?fujian,, From: subscribe, IPv_Type: ipv6, Location: 中国, ISP: 中国电信, Date: None, Delay: 1444 ms, Speed: 0.00 M/s, Resolution: 1920x1080
Name: 云霄综合, URL: http://live.zzyxxw.com:85/live/xwzh.m3u8, From: subscribe, IPv_Type: ipv6, Location: 中国, ISP: 中国电信, Date: None, Delay: 1543 ms, Speed: 0.00 M/s, Resolution: 1920x1080
Name: 厦门卫视, URL: https://epg.pw/stream/aa65dd411565991ace44f9e5934bd018fdd52122e052d471a363b6ee839e1079.ctv, From: subscribe, IPv_Type: ipv6, Location: 美国, ISP: CloudFlare Inc., Date: None, Delay: 410 ms, Speed: 1.30 M/s, Resolution: 1920x1080
Name: 宁化电视一套, URL: http://fjnhdb.chinashadt.com:2036/live/stream:nh1.stream/playlist.m3u8, From: subscribe, IPv_Type: ipv4, Location: 中国-福建-三明, ISP: 电信, Date: None, Delay: 5120 ms, Speed: 0.23 M/s, Resolution: 720x576
Name: 福州少儿, URL: http://live.zohi.tv/video/s10001-fztv-4/index.m3u8, From: subscribe, IPv_Type: ipv6, Location: 中国, ISP: 中国电信, Date: None, Delay: 1422 ms, Speed: 0.27 M/s, Resolution: 1920x1080
Name: 福建新闻, URL: http://satellitepull.cnr.cn/live/wx32fjxwgb/playlist.m3u8, From: subscribe, IPv_Type: ipv4, Location: 美国-德克萨斯州-达拉斯, ISP: 网宿科技CDN节点, Date: None, Delay: 35 ms, Speed: 2.64 M/s, Resolution: None
Name: 福建新闻, URL: https://satellitepull.cnr.cn/live/wx32fjxwgb/playlist.m3u8, From: subscribe, IPv_Type: ipv4, Location: 美国-德克萨斯州-达拉斯, ISP: 网宿科技CDN节点, Date: None, Delay: 36 ms, Speed: 2.58 M/s, Resolution: None
Name: 福建经济, URL: http://satellitepull.cnr.cn/live/wx32fjdnjjgb/playlist.m3u8, From: subscribe, IPv_Type: ipv4, Location: 美国-德克萨斯州-达拉斯, ISP: 网宿科技CDN节点, Date: None, Delay: 33 ms, Speed: 2.92 M/s, Resolution: None
Name: 福建经济, URL: http://live.xmcdn.com/live/789/64.m3u8, From: subscribe, IPv_Type: ipv4, Location: 美国-德克萨斯州-达拉斯, ISP: 网宿科技CDN节点, Date: None, Delay: 1022 ms, Speed: 0.06 M/s, Resolution: None
Name: 福建综合, URL: https://live.264788.xyz/channel/fujianzonghe?streamid=6464f306ec4c0acd88d9a698fc2d699e&livekey=01WgOR41rriMmMkzNsd0UoaxJRwetZdxIvtVk, From: subscribe, IPv_Type: ipv4, Location: 美国, ISP: CloudFlare节点, Date: None, Delay: 10775 ms, Speed: 0.66 M/s, Resolution: 1920x1080
Name: 福建公共, URL: https://live.264788.xyz/channel/fujianxiangcungonggong?streamid=2987cc24bada6a8c25589409a6452d9e&livekey=01WgOR41rriMmMkzNsd0UoaxJRwetZdxIvtVk, From: subscribe, IPv_Type: ipv4, Location: 美国, ISP: CloudFlare节点, Date: None, Delay: 10424 ms, Speed: 1.25 M/s, Resolution: 1920x1080
Name: 福建公共, URL: https://live.264788.xyz/channel/fujianxiangcungonggong?streamid=1cf7fc3a8f6d160c33b43c2f9507a0cc&livekey=01WgOR41rriMmMkzNsd0UoaxJRwetZdxIvtVk, From: subscribe, IPv_Type: ipv4, Location: 美国, ISP: CloudFlare节点, Date: None, Delay: 10951 ms, Speed: 0.88 M/s, Resolution: 1920x1080
Name: 福建旅游, URL: http://112.109.206.106:9999/rtp/239.255.40.153:8208, From: subscribe, IPv_Type: ipv4, Location: 中国-福建-泉州, ISP: 联通, Date: None, Delay: 386 ms, Speed: 0.05 M/s, Resolution: 1920x1080
Name: 龙岩综合, URL: http://112.109.206.106:9999/rtp/239.255.40.160:8208, From: subscribe, IPv_Type: ipv4, Location: 中国-福建-泉州, ISP: 联通, Date: None, Delay: 387 ms, Speed: 0.17 M/s, Resolution: 1920x1080
Name: 梨园, URL: http://gcalic.v.myalicdn.com/gc/ahhs01_1/index.m3u8, From: subscribe, IPv_Type: ipv4, Location: 中国-上海-上海, ISP: 电信, Date: None, Delay: 3418 ms, Speed: 0.86 M/s, Resolution: 1920x1080
Name: 梨园, URL: https://dxtx.hntv.tv/live/lypd.m3u8?txSecret=10c771842a0be59e8b575d765173ec96&txTime=7B923E0A&wsSecret=41543190cdf375f1c73207222bb96542&wsTime=1769313549, From: subscribe, IPv_Type: ipv4, Location: 中国-江苏-无锡, ISP: 联通, Date: None, Delay: 1909 ms, Speed: 0.83 M/s, Resolution: 1920x1080
Name: 梨园, URL: https://dxtx.hntv.tv/live/lypd.m3u8?txSecret=10c771842a0be59e8b575d765173ec96&txTime=7B923E0A&wsSecret=975c2c42fbaf3474e5b5da406653f22d&wsTime=1772510349, From: subscribe, IPv_Type: ipv4, Location: 中国-天津-天津, ISP: 联通, Date: None, Delay: 1931 ms, Speed: 0.82 M/s, Resolution: 1920x1080
Name: 项城新闻, URL: https://play-hsbj.vzan.com/978354/446938712125478466/live.m3u8?zbid=978354&tpid=1651937429#@http://tvpull.dxhmt.cn:9081/tv/11681-1.m3u8#@http://live.dxhmt.cn:9081/tv/11681-1.m3u8, From: subscribe, IPv_Type: ipv4, Location: 中国-广东-东莞, ISP: 鹏博士BGP, Date: None, Delay: 1329 ms, Speed: 0.79 M/s, Resolution: 1280x720
Name: 洛阳文旅, URL: http://wshls.live.migucloud.com/live/Q081CD54_C0/playlist.m3u8, From: subscribe, IPv_Type: ipv6, Location: 加拿大, ISP: , Date: None, Delay: 2638 ms, Speed: 1.88 M/s, Resolution: 1920x1080
Name: 河南都市, URL: http://1.94.31.214/php/hntv.php?id=hnds, From: subscribe, IPv_Type: ipv4, Location: 中国-上海-上海, ISP: 华为云, Date: None, Delay: 94 ms, Speed: 5.38 M/s, Resolution: 1920x1080
Name: 邯郸科技教育, URL: https://jwcdnqx.hebyun.com.cn/live/hdkj/1500k/tzwj_video.m3u8, From: subscribe, IPv_Type: ipv6, Location: 中国, ISP: 中国联通, Date: None, Delay: 2332 ms, Speed: 1.07 M/s, Resolution: 1920x1080
Name: 邯郸公共, URL: https://jwcdnqx.hebyun.com.cn/live/hdgg/1500k/tzwj_video.m3u8, From: subscribe, IPv_Type: ipv6, Location: 中国, ISP: 中国联通, Date: None, Delay: 1886 ms, Speed: 0.55 M/s, Resolution: 1920x1080
Name: 邯郸新闻, URL: https://jwcdnqx.hebyun.com.cn/live/hdxwzh/1500k/tzwj_video.m3u8, From: subscribe, IPv_Type: ipv6, Location: 中国, ISP: 中国联通, Date: None, Delay: 2280 ms, Speed: 0.90 M/s, Resolution: 1920x1080
Name: 衡水公共, URL: http://ls.qingting.fm/live/2810.m3u8, From: subscribe, IPv_Type: ipv6, Location: 中国-广东-东莞, ISP: 电信, Date: None, Delay: 1207 ms, Speed: 0.05 M/s, Resolution: 1920x1080
Name: 滦平新闻, URL: http://jwplay.hebyun.com.cn/live/LPTV001/1500k/tzwj_video.m3u8, From: subscribe, IPv_Type: ipv6, Location: 中国, ISP: 中国联通, Date: None, Delay: 10681 ms, Speed: 0.24 M/s, Resolution: 1920x1080
Name: 河北都市, URL: rtmp://tv.pull.hebtv.com/jishi/dushipindao?t=2510710360&k=b43f406360a945d199904faf3b6e2c18, From: subscribe, IPv_Type: ipv6, Location: 中国, ISP: 中国电信, Date: None, Delay: -1 ms, Speed: inf M/s, Resolution: 1920x1080
Name: 河北都市, URL: https://radio.pull.hebtv.com/live/hebnczx.m3u8, From: subscribe, IPv_Type: ipv4, Location: 中国-北京-北京, ISP: 电信, Date: None, Delay: 1932 ms, Speed: 0.06 M/s, Resolution: None
Name: 河北农民, URL: rtmp://tv.pull.hebtv.com/jishi/nongminpindao?t=2510710360&k=a3c2c0f740a31dc24d48ad098cd1eec3, From: subscribe, IPv_Type: ipv6, Location: 中国, ISP: 中国电信, Date: None, Delay: -1 ms, Speed: inf M/s, Resolution: 1920x1080
Name: 昌黎综合, URL: https://jwcdnqx.hebyun.com.cn/live/clzhpd/1500k/tzwj_video.m3u8, From: subscribe, IPv_Type: ipv6, Location: 中国, ISP: 中国联通, Date: None, Delay: 2667 ms, Speed: 1.35 M/s, Resolution: 1280x720
Name: 任丘综合, URL: https://jwcdnqx.hebyun.com.cn/live/rqtv1/1500k/tzwj_video.m3u8, From: subscribe, IPv_Type: ipv6, Location: 中国, ISP: 中国联通, Date: None, Delay: 2116 ms, Speed: 0.77 M/s, Resolution: 1920x1080
Name: 兴隆综合, URL: https://jwcdnqx.hebyun.com.cn/live/xlzh/1500k/tzwj_video.m3u8, From: subscribe, IPv_Type: ipv6, Location: 中国, ISP: 中国联通, Date: None, Delay: 2428 ms, Speed: 1.45 M/s, Resolution: 1920x1080
Name: 平泉综合, URL: https://jwcdnqx.hebyun.com.cn/live/pqzh/1500k/tzwj_video.m3u8, From: subscribe, IPv_Type: ipv6, Location: 中国, ISP: 中国联通, Date: None, Delay: 2904 ms, Speed: 1.66 M/s, Resolution: 1920x1080
Name: 清河经济综艺, URL: https://jwcdnqx.hebyun.com.cn/live/qinghe1/1500k/tzwj_video.m3u8, From: subscribe, IPv_Type: ipv6, Location: 中国, ISP: 中国联通, Date: None, Delay: 2741 ms, Speed: 1.21 M/s, Resolution: 1920x1080
Name: 衡山, URL: http://live.hznet.tv:1935/live/live1/500K/tzwj_video.m3u8, From: subscribe, IPv_Type: ipv4, Location: 中国-山东-菏泽, ISP: 联通, Date: None, Delay: 10948 ms, Speed: 0.07 M/s, Resolution: 1280x720
Name: 安顺新闻, URL: https://ls.qingting.fm/live/5022203/64k.m3u8, From: subscribe, IPv_Type: ipv6, Location: 中国-广东-东莞, ISP: 电信, Date: None, Delay: 1016 ms, Speed: 0.09 M/s, Resolution: 1920x1080
Name: 贵州移动电视, URL: http://47.108.20.161:8866/guizhou/guizhou.php?id=gzyd, From: subscribe, IPv_Type: ipv4, Location: 中国-四川-成都, ISP: 阿里云, Date: None, Delay: 1619 ms, Speed: 0.00 M/s, Resolution: None
Name: 甘肃经济, URL: https://satellitepull.cnr.cn/live/wxgshhzs/playlist.m3u8, From: subscribe, IPv_Type: ipv4, Location: 美国-德克萨斯州-达拉斯, ISP: 网宿科技CDN节点, Date: None, Delay: 46 ms, Speed: 2.24 M/s, Resolution: None
Name: 甘肃都市, URL: https://satellitepull.cnr.cn/live/wxgsdstb/playlist.m3u8, From: subscribe, IPv_Type: ipv4, Location: 美国-德克萨斯州-达拉斯, ISP: 网宿科技CDN节点, Date: None, Delay: 36 ms, Speed: 2.66 M/s, Resolution: None
Name: 嘉峪关综合, URL: http://play.kankanlive.com/live/1720583434627241.m3u8, From: subscribe, IPv_Type: ipv4, Location: 中国-山东-济南, ISP: 移动, Date: None, Delay: 1791 ms, Speed: 1.04 M/s, Resolution: 1920x1080
Name: 永昌综合, URL: http://play.kankanlive.com/live/1720408280309109.m3u8, From: subscribe, IPv_Type: ipv4, Location: 中国-山东, ISP: 联通, Date: None, Delay: 2384 ms, Speed: 0.95 M/s, Resolution: 1920x1080
Name: 甘南综合, URL: https://play.kankanlive.com/live/1711955176432990.m3u8, From: subscribe, IPv_Type: ipv4, Location: 中国-山东-青岛, ISP: 联通, Date: None, Delay: 2166 ms, Speed: 0.24 M/s, Resolution: 1920x1080
Name: 甘肃少儿, URL: rtsp://180.95.143.19/PLTV/88888910/224/3221225494/10000100000000060000000000102582_0.smil, From: subscribe, IPv_Type: ipv4, Location: 中国-甘肃-金昌, ISP: 联通, Date: None, Delay: 10007 ms, Speed: 0.00 M/s, Resolution: None
Name: 甘肃少儿, URL: rtsp://116.176.26.18/PLTV/88888910/224/3221225494/10000100000000060000000000102582_0.smil, From: subscribe, IPv_Type: ipv4, Location: 中国-甘肃, ISP: 联通, Date: None, Delay: 10005 ms, Speed: 0.00 M/s, Resolution: None
Name: 甘肃少儿, URL: rtmp://livein.gstv.com.cn/49048r/922k96, From: subscribe, IPv_Type: ipv4, Location: 中国-甘肃-兰州, ISP: 电信, Date: None, Delay: 5208 ms, Speed: 0.00 M/s, Resolution: None
Name: 甘肃少儿, URL: rtsp://116.176.26.19/PLTV/88888910/224/3221225485/10000100000000060000000000102562_0.smil, From: subscribe, IPv_Type: ipv4, Location: 中国-甘肃, ISP: 联通, Date: None, Delay: 10004 ms, Speed: 0.00 M/s, Resolution: None
Name: 甘肃少儿, URL: rtsp://115.85.232.19/PLTV/88888910/224/3221225494/10000100000000060000000000102582_0.smil, From: subscribe, IPv_Type: ipv4, Location: 中国-甘肃-金昌, ISP: 联通, Date: None, Delay: 10005 ms, Speed: 0.00 M/s, Resolution: None
Name: 甘肃少儿, URL: rtsp://60.13.23.179/PLTV/88888910/224/3221225494/10000100000000060000000000102582_0.smil, From: subscribe, IPv_Type: ipv4, Location: 中国-甘肃-兰州, ISP: 联通, Date: None, Delay: 10005 ms, Speed: 0.00 M/s, Resolution: None
Name: 甘肃少儿, URL: rtsp://221.7.61.147/PLTV/88888910/224/3221225494/10000100000000060000000000102582_0.smil, From: subscribe, IPv_Type: ipv4, Location: 中国-甘肃-白银, ISP: 联通, Date: None, Delay: 10006 ms, Speed: 0.00 M/s, Resolution: None
Name: 甘肃少儿, URL: rtsp://60.13.39.18/PLTV/88888910/224/3221225485/10000100000000060000000000102562_0.smil, From: subscribe, IPv_Type: ipv4, Location: 中国-甘肃-天水, ISP: 联通, Date: None, Delay: 10006 ms, Speed: 0.00 M/s, Resolution: None
Name: 甘肃少儿, URL: rtsp://60.13.27.115/PLTV/88888910/224/3221225485/10000100000000060000000000102562_0.smil, From: subscribe, IPv_Type: ipv4, Location: 中国-甘肃-兰州, ISP: 联通, Date: None, Delay: 10004 ms, Speed: 0.00 M/s, Resolution: None
Name: 甘肃少儿, URL: rtsp://60.13.39.19/PLTV/88888910/224/3221225485/10000100000000060000000000102562_0.smil, From: subscribe, IPv_Type: ipv4, Location: 中国-甘肃-天水, ISP: 联通, Date: None, Delay: 10007 ms, Speed: 0.00 M/s, Resolution: None
Name: 甘肃少儿, URL: rtsp://124.152.124.50/PLTV/88888910/224/3221225485/10000100000000060000000000102562_0.smil, From: subscribe, IPv_Type: ipv4, Location: 中国-甘肃, ISP: 联通, Date: None, Delay: 10007 ms, Speed: 0.00 M/s, Resolution: None
Name: 甘肃少儿, URL: rtsp://115.85.205.19/PLTV/88888910/224/3221225485/10000100000000060000000000102562_0.smil, From: subscribe, IPv_Type: ipv4, Location: 中国-甘肃-嘉峪关, ISP: 联通, Date: None, Delay: 10005 ms, Speed: 0.00 M/s, Resolution: None
Name: 白银综合, URL: http://play.kankanlive.com/live/1720408089419110.m3u8, From: subscribe, IPv_Type: ipv4, Location: 中国-山东-青岛, ISP: 联通, Date: None, Delay: 1466 ms, Speed: 1.27 M/s, Resolution: 1920x1080
Name: 白银综合, URL: https://play.kankanlive.com/live/1720408089419110.m3u8, From: subscribe, IPv_Type: ipv4, Location: 中国-山东-青岛, ISP: 联通, Date: None, Delay: 2577 ms, Speed: 0.85 M/s, Resolution: 1920x1080
Name: 秦安综合, URL: https://play.kankanlive.com/live/1659926941626981.m3u8, From: subscribe, IPv_Type: ipv4, Location: 中国-河北, ISP: 联通, Date: None, Delay: 2613 ms, Speed: 0.78 M/s, Resolution: 1920x1080
Name: 西峰综合, URL: https://play.kankanlive.com/live/1683944827526991.m3u8, From: subscribe, IPv_Type: ipv4, Location: 中国-山东-青岛, ISP: 联通, Date: None, Delay: 1692 ms, Speed: 0.94 M/s, Resolution: 1280x720
Name: 西峰综合, URL: http://play.kankanlive.com/live/1683944827526991.m3u8, From: subscribe, IPv_Type: ipv4, Location: 中国-山东-青岛, ISP: 联通, Date: None, Delay: 1868 ms, Speed: 0.85 M/s, Resolution: 1280x720
Name: 哈密一套, URL: https://tvpull.hmgbtv.com/hmtv/channel9cd66b3d5d258b2b.flv, From: subscribe, IPv_Type: ipv4, Location: 美国-伊利诺伊州-库克, ISP: 网宿CDN节点, Date: None, Delay: 232 ms, Speed: 0.18 M/s, Resolution: 1920x1080
Name: 哈密二套, URL: https://tvpull.hmgbtv.com/hmtv/channel108259412c6a6711/playlist.m3u8, From: subscribe, IPv_Type: ipv4, Location: 美国-伊利诺伊州-库克, ISP: 网宿CDN节点, Date: None, Delay: 76 ms, Speed: 7.66 M/s, Resolution: 1920x1080
Name: 哈密三套, URL: https://tvpull.hmgbtv.com/hmtv/channelfb0e5c505477aa44/playlist.m3u8, From: subscribe, IPv_Type: ipv4, Location: 美国-伊利诺伊州-库克, ISP: 网宿CDN节点, Date: None, Delay: 97 ms, Speed: 7.28 M/s, Resolution: 1920x1080
Name: 伊犁维吾尔, URL: http://110.153.180.106:55555/out_2/index.m3u8, From: subscribe, IPv_Type: ipv4, Location: 中国-新疆-伊犁哈萨克自治州, ISP: 电信, Date: None, Delay: 10715 ms, Speed: 0.92 M/s, Resolution: None
Name: 伊犁哈萨克, URL: http://110.153.180.106:55555/out_3/index.m3u8?zxinjd, From: subscribe, IPv_Type: ipv4, Location: 中国-新疆-伊犁哈萨克自治州, ISP: 电信, Date: None, Delay: 4254 ms, Speed: 1.41 M/s, Resolution: None
Name: 伊犁经济法制, URL: http://110.153.180.106:55555/out_4/index.m3u8, From: subscribe, IPv_Type: ipv4, Location: 中国-新疆-伊犁哈萨克自治州, ISP: 电信, Date: None, Delay: 5214 ms, Speed: 1.80 M/s, Resolution: None
Name: 兵团五师双河新闻综合, URL: http://liveout.btzx.com.cn/62ds9e/4nxdih.m3u8?fbl=, From: subscribe, IPv_Type: ipv4, Location: 中国-河南-信阳, ISP: 电信, Date: None, Delay: 1963 ms, Speed: 0.27 M/s, Resolution: 720x576
Name: 兵团五师双河新闻综合, URL: https://liveout.btzx.com.cn/62ds9e/4nxdih.m3u8?zxinjd, From: subscribe, IPv_Type: ipv4, Location: 中国-河南-信阳, ISP: 电信, Date: None, Delay: 2413 ms, Speed: 0.21 M/s, Resolution: 720x576
Name: 奎屯哈萨克语, URL: http://218.84.12.186:8002/hls/main/playlist.m3u8, From: subscribe, IPv_Type: ipv4, Location: 中国-新疆-伊犁哈萨克自治州, ISP: 电信, Date: None, Delay: 3405 ms, Speed: 0.39 M/s, Resolution: 1920x1080
Name: 奎屯哈萨克语, URL: http://218.84.12.186:8002/hls/main/playlist.m3u8?zxinjd, From: subscribe, IPv_Type: ipv4, Location: 中国-新疆-伊犁哈萨克自治州, ISP: 电信, Date: None, Delay: 3289 ms, Speed: 0.38 M/s, Resolution: 1920x1080
Name: 玛纳斯综合, URL: http://218.84.127.245:1026/hls/main1/playlist.m3u8, From: subscribe, IPv_Type: ipv4, Location: 中国-新疆-昌吉回族自治州, ISP: 电信, Date: None, Delay: 7390 ms, Speed: 0.23 M/s, Resolution: 1920x1080
Name: 可克达拉综合, URL: http://file.loulannews.cn/nmip-media/channellive/channel103824/playlist.m3u8, From: subscribe, IPv_Type: ipv4, Location: 中国-新疆, ISP: 移动, Date: None, Delay: 2349 ms, Speed: 0.67 M/s, Resolution: 1920x1080
Name: 奎屯汉语综合, URL: http://218.84.12.186:8001/hls/main/playlist.m3u8?zxinjd, From: subscribe, IPv_Type: ipv4, Location: 中国-新疆-伊犁哈萨克自治州, ISP: 电信, Date: None, Delay: 4319 ms, Speed: 0.34 M/s, Resolution: 0x0
Name: 巴音郭楞州, URL: rtmp://tv.loulannews.cn/channellive/ch1, From: subscribe, IPv_Type: ipv4, Location: 中国-新疆, ISP: 移动, Date: None, Delay: -1 ms, Speed: inf M/s, Resolution: 1920x1080
Name: 石河子教育, URL: rtmp://124.88.144.73:1935/live/jiaoyu, From: subscribe, IPv_Type: ipv4, Location: 中国-新疆-石河子, ISP: 联通, Date: None, Delay: -1 ms, Speed: inf M/s, Resolution: 1920x1080
Name: 石河子新闻综合, URL: rtmp://124.88.144.73:1935/live/xwzh, From: subscribe, IPv_Type: ipv4, Location: 中国-新疆-石河子, ISP: 联通, Date: None, Delay: -1 ms, Speed: inf M/s, Resolution: 1920x1080
Name: 山东教育, URL: https://iptv.catvod.com/live.php?id=%E5%B1%B1%E4%B8%9C%E6%95%99%E8%82%B2, From: subscribe, IPv_Type: ipv4, Location: 美国-加利福尼亚州-洛杉矶, ISP: IT7网络, Date: None, Delay: 31 ms, Speed: 18.60 M/s, Resolution: 1920x1080
Name: 山东教育, URL: https://iptv.catvod.com/live.php?id=%E5%B1%B1%E4%B8%9C%E6%95%99%E8%82%B2&line=1, From: subscribe, IPv_Type: ipv4, Location: 美国-加利福尼亚州-洛杉矶, ISP: IT7网络, Date: None, Delay: 31 ms, Speed: 18.10 M/s, Resolution: 1920x1080
Name: 山东农科, URL: http://58.57.40.22:9901/tsfile/live/1022_1.m3u8, From: subscribe, IPv_Type: ipv4, Location: 中国-山东-临沂, ISP: 电信, Date: None, Delay: 10522 ms, Speed: 0.00 M/s, Resolution: None
Name: 山东齐鲁, URL: http://123.130.84.106:8154/tsfile/live/1001_1.m3u8?key=txiptv&amp;playlive=1&amp;authid=0, From: subscribe, IPv_Type: ipv4, Location: 中国-山东-烟台, ISP: 联通, Date: None, Delay: 10266 ms, Speed: 0.00 M/s, Resolution: 1920x1080
Name: 山东生活, URL: http://live.xmcdn.com/live/802/64.m3u8, From: subscribe, IPv_Type: ipv4, Location: 美国-德克萨斯州-达拉斯, ISP: 网宿科技CDN节点, Date: None, Delay: 958 ms, Speed: 0.06 M/s, Resolution: None
Name: 山东生活, URL: http://ls.qingting.fm/live/60260.m3u8, From: subscribe, IPv_Type: ipv6, Location: 中国-广东-东莞, ISP: 电信, Date: None, Delay: 10766 ms, Speed: 0.02 M/s, Resolution: 1920x1080
Name: 山东文旅, URL: http://58.57.40.22:9901/tsfile/live/1023_1.m3u8, From: subscribe, IPv_Type: ipv4, Location: 中国-山东-临沂, ISP: 电信, Date: None, Delay: 10467 ms, Speed: 0.00 M/s, Resolution: None
Name: 山东综艺, URL: http://123.129.70.178:9901/tsfile/live/1001_1.m3u8, From: subscribe, IPv_Type: ipv4, Location: 中国-山东-东营, ISP: 联通, Date: None, Delay: 10863 ms, Speed: 0.00 M/s, Resolution: 720x576
Name: 山东综艺, URL: http://58.57.40.22:9901/tsfile/live/1021_1.m3u8, From: subscribe, IPv_Type: ipv4, Location: 中国-山东-临沂, ISP: 电信, Date: None, Delay: 10314 ms, Speed: 0.00 M/s, Resolution: None
Name: 青州综合, URL: rtmp://sdqz.chinashadt.com:2036/live/stream:1.stream, From: subscribe, IPv_Type: ipv4, Location: 中国-山东-潍坊, ISP: 联通, Date: None, Delay: -1 ms, Speed: inf M/s, Resolution: 720x576
Name: 东营综合, URL: rtmp://stream.hhek.cn:9936/live/xwzh_sd?shandd, From: subscribe, IPv_Type: ipv4, Location: 中国-山东-东营, ISP: 联通, Date: None, Delay: 5264 ms, Speed: 0.00 M/s, Resolution: None
Name: 菏泽新闻综合, URL: http://live.hznet.tv:1935/live/live1/500k/tzwj_video.m3u8, From: subscribe, IPv_Type: ipv4, Location: 中国-山东-菏泽, ISP: 联通, Date: None, Delay: 2281 ms, Speed: 0.77 M/s, Resolution: 1280x720
Name: 菏泽新闻综合, URL: http://live.hznet.tv:1935/live/live1/500K/tzwj_video.m3u8?shandd, From: subscribe, IPv_Type: ipv4, Location: 中国-山东-菏泽, ISP: 联通, Date: None, Delay: 2619 ms, Speed: 0.70 M/s, Resolution: 1280x720
Name: 菏泽经济生活, URL: http://live.hznet.tv:1935/live/live2/500K/tzwj_video.m3u8?shandd, From: subscribe, IPv_Type: ipv4, Location: 中国-山东-菏泽, ISP: 联通, Date: None, Delay: 10054 ms, Speed: 0.24 M/s, Resolution: 1280x720
Name: 菏泽经济生活, URL: http://live.hznet.tv:1935/live/live2/500K/tzwj_video.m3u8, From: subscribe, IPv_Type: ipv4, Location: 中国-山东-菏泽, ISP: 联通, Date: None, Delay: 10730 ms, Speed: 0.23 M/s, Resolution: 1280x720
Name: 万荣综合, URL: http://60.222.246.220:19433/hls1.m3u8, From: subscribe, IPv_Type: ipv4, Location: 中国-山西-运城, ISP: 联通, Date: None, Delay: 3767 ms, Speed: 0.29 M/s, Resolution: 720x404
Name: 古县综合, URL: https://l2fpdktp.live.sxmty.com/live/hls/e4c3b363cc4549788e2d983f403e07db/d99ce1eb686e41b9afc888110bd95aa7.m3u8?zshanxd, From: subscribe, IPv_Type: ipv6, Location: 中国, ISP: 中国电信, Date: None, Delay: 3232 ms, Speed: 0.67 M/s, Resolution: 1920x1080
Name: 大宁综合, URL: http://live.daningtv.com/aac_dngb/playlist.m3u8, From: subscribe, IPv_Type: ipv4, Location: 中国-河北-唐山, ISP: 联通, Date: None, Delay: 1014 ms, Speed: 0.07 M/s, Resolution: None
Name: 定襄综合, URL: http://lbyzztfe.live.sxmty.com/live/hls/645ff4c60e0a49f0a203abbd73dd8be9/0720e665f10f48e98c9639f4f492fb4a-1.m3u8?zshanxd, From: subscribe, IPv_Type: ipv6, Location: 中国, ISP: 中国电信, Date: None, Delay: 2571 ms, Speed: 0.41 M/s, Resolution: 1920x1080
Name: 怀仁综合, URL: http://1yp7hc5p.live.sxmty.com/live/hls/bff8529922344209985b6e49baa9555a/efa2543628fc4a7ea93d3d6c975f77dc.m3u8?zshanxd,, From: subscribe, IPv_Type: ipv4, Location: 中国-上海-上海, ISP: 电信, Date: None, Delay: 2570 ms, Speed: 0.91 M/s, Resolution: 1280x720
Name: 怀仁综合, URL: https://1yp7hc5p.live.sxmty.com/live/hls/bff8529922344209985b6e49baa9555a/efa2543628fc4a7ea93d3d6c975f77dc-1.m3u8, From: subscribe, IPv_Type: ipv6, Location: 中国, ISP: 中国电信, Date: None, Delay: 3702 ms, Speed: 0.71 M/s, Resolution: 1920x1080
Name: 怀仁综合, URL: http://1yp7hc5p.live.sxmty.com/live/hls/bff8529922344209985b6e49baa9555a/efa2543628fc4a7ea93d3d6c975f77dc.m3u8?zshanxd, From: subscribe, IPv_Type: ipv6, Location: 中国, ISP: 中国电信, Date: None, Delay: 5454 ms, Speed: 0.57 M/s, Resolution: 1920x1080
Name: 武乡新闻综合, URL: http://uzoiczhh.live.sxmty.com/live/hls/0d41f1480c4042d49927858f01fde707/53130407737b417b9a6259b57246bae3.m3u8?zshanxd, From: subscribe, IPv_Type: ipv6, Location: 中国, ISP: 中国电信, Date: None, Delay: 2144 ms, Speed: 0.41 M/s, Resolution: 1920x1080
Name: 长子综合, URL: https://www.wxhcgbds.com:8081/channelTv/WXTV_1.m3u8?zshanxd, From: subscribe, IPv_Type: ipv4, Location: 中国-山西-运城, ISP: 电信, Date: None, Delay: 10628 ms, Speed: 0.77 M/s, Resolution: 720x576
Name: 长子综合, URL: https://83awgyp5.live.sxmty.com/live/hls/6f6f4b36f9bd42628b718b595ba507ed/724b7e8907a8414d873eb2a2f69bfa18.m3u8?zshanxd, From: subscribe, IPv_Type: ipv6, Location: 中国, ISP: 中国电信, Date: None, Delay: 2008 ms, Speed: 0.62 M/s, Resolution: 1920x1080
Name: 黎城综合, URL: http://111.53.96.67:8081/live/1/index.m3u8, From: subscribe, IPv_Type: ipv4, Location: 中国-山西, ISP: 移动, Date: None, Delay: 2189 ms, Speed: 1.20 M/s, Resolution: 1920x1080
Name: 黎城综合, URL: http://111.53.96.67:8081/live/1/index.m3u8?%E5%85%B3%E6%B3%A8%E5%BE%AE%E4%BF%A1%E5%85%AC%E4%BC%97%E5%8F%B7[%E6%99%B4%E5%9B%AD], From: subscribe, IPv_Type: ipv4, Location: 中国-山西, ISP: 移动, Date: None, Delay: 2383 ms, Speed: 1.17 M/s, Resolution: 1920x1080
Name: 安徽国际, URL: http://hsza.f3322.net:4000/rtp/238.1.78.61:6360, From: subscribe, IPv_Type: ipv4, Location: 中国-安徽-黄山, ISP: 电信, Date: None, Delay: 1679 ms, Speed: 0.11 M/s, Resolution: 1920x1080
Name: 安徽影视, URL: http://hsza.f3322.net:4000/rtp/238.1.79.42:4448, From: subscribe, IPv_Type: ipv4, Location: 中国-安徽-黄山, ISP: 电信, Date: None, Delay: 711 ms, Speed: 0.16 M/s, Resolution: 0x0
Name: 安徽影视, URL: http://112.27.235.94:8000/hls/24/index.m3u8, From: subscribe, IPv_Type: ipv4, Location: 中国-安徽, ISP: 移动, Date: None, Delay: 10544 ms, Speed: 0.06 M/s, Resolution: 1920x1080
Name: 安徽影视, URL: http://112.132.10.54:9901/tsfile/live/1011_1.m3u8?key=txiptv&playlive=1&authid=0, From: subscribe, IPv_Type: ipv4, Location: 中国-安徽-阜阳, ISP: 联通, Date: None, Delay: 6627 ms, Speed: 0.00 M/s, Resolution: 720x576
Name: 安徽影视, URL: http://112.132.10.54:9901/tsfile/live/1011_1.m3u8?key=txiptv&playlive=0&authid=0, From: subscribe, IPv_Type: ipv4, Location: 中国-安徽-阜阳, ISP: 联通, Date: None, Delay: 6732 ms, Speed: 0.00 M/s, Resolution: 720x576
Name: 安徽导视, URL: http://dspdhls.appcoo.com:8888/live/dspd/index.m3u8, From: subscribe, IPv_Type: ipv4, Location: 中国-安徽, ISP: 移动, Date: None, Delay: 1992 ms, Speed: 1.30 M/s, Resolution: 1920x1080
Name: 合肥新闻, URL: http://112.27.235.94:8000/hls/18/index.m3u8, From: subscribe, IPv_Type: ipv4, Location: 中国-安徽, ISP: 移动, Date: None, Delay: 10795 ms, Speed: 0.07 M/s, Resolution: 720x576
Name: 固镇新闻, URL: http://www.guzhenm.com:7001/hls/hd-live.m3u8, From: subscribe, IPv_Type: ipv4, Location: 中国-安徽-蚌埠, ISP: 电信, Date: None, Delay: 2601 ms, Speed: 0.44 M/s, Resolution: 1920x1080
Name: 黄山新闻综合, URL: http://hslive.hsnewsnet.com/lsdream/hve9Wjs/1000/live.m3u8?zanhd, From: subscribe, IPv_Type: ipv6, Location: 中国, ISP: 中国联通, Date: None, Delay: 10687 ms, Speed: 0.10 M/s, Resolution: 1920x1080
Name: 黄山新闻综合, URL: http://hslive.hsnewsnet.com/lsdream/hve9Wjs/1000/live.m3u8, From: subscribe, IPv_Type: ipv6, Location: 中国, ISP: 中国电信, Date: None, Delay: 10663 ms, Speed: 0.08 M/s, Resolution: 1920x1080
Name: 黄山公共生活, URL: http://hslive.hsnewsnet.com/lsdream/iY92ady/1000/live.m3u8?zanhd, From: subscribe, IPv_Type: ipv6, Location: 中国, ISP: 中国电信, Date: None, Delay: 10896 ms, Speed: 0.09 M/s, Resolution: 1920x1080
Name: 铜陵新闻综合, URL: https://ls.qingting.fm/live/21303/64k.m3u8, From: subscribe, IPv_Type: ipv6, Location: 中国-广东-东莞, ISP: 电信, Date: None, Delay: 1447 ms, Speed: 0.05 M/s, Resolution: 1920x1080
Name: 祁门综合, URL: rtmp://tv.qmxrmt.com/chan/ch1?zanhd#rtmp://tv.qmxrmt.com/chan/ch1, From: subscribe, IPv_Type: ipv4, Location: 中国-安徽, ISP: 移动, Date: None, Delay: -1 ms, Speed: inf M/s, Resolution: 1920x1080
Name: 祁门综合, URL: rtmp://tv.qmxrmt.com/chan/ch1, From: subscribe, IPv_Type: ipv4, Location: 中国-安徽, ISP: 移动, Date: None, Delay: -1 ms, Speed: inf M/s, Resolution: 1920x1080
Name: 祁门综合, URL: rtmp://tv.qmxrmt.com/chan/ch1?zanhd, From: subscribe, IPv_Type: ipv4, Location: 中国-安徽, ISP: 移动, Date: None, Delay: -1 ms, Speed: inf M/s, Resolution: 1920x1080
Name: 祁门综合, URL: http://zbbf2.ahbztv.com/live/416.m3u8?zanhd, From: subscribe, IPv_Type: ipv6, Location: 加拿大, ISP: , Date: None, Delay: 109 ms, Speed: 6.22 M/s, Resolution: 1920x1080
Name: 灵璧综合, URL: http://live.cms.anhuinews.com/video/s10003-lbtv/index.m3u8?zanhd#http://live.cms.anhuinews.com/video/s10003-lbtv/index.m3u8, From: subscribe, IPv_Type: ipv4, Location: 中国-安徽-合肥, ISP: 电信, Date: None, Delay: 3184 ms, Speed: 0.20 M/s, Resolution: 640x480
Name: 灵璧综合, URL: http://live.cms.anhuinews.com/video/s10003-lbtv/index.m3u8, From: subscribe, IPv_Type: ipv4, Location: 中国-安徽-合肥, ISP: 电信, Date: None, Delay: 3321 ms, Speed: 0.18 M/s, Resolution: 640x480
Name: 涡阳新闻综合, URL: http://220.180.124.18:888/live/ch0.m3u8, From: subscribe, IPv_Type: ipv4, Location: 中国-安徽-亳州, ISP: 电信, Date: None, Delay: 3173 ms, Speed: 0.18 M/s, Resolution: 544x480
Name: 广德生活, URL: https://live.gdtv.ah.cn/live/newsTV.m3u8, From: subscribe, IPv_Type: ipv4, Location: 中国-河南-信阳, ISP: 电信, Date: None, Delay: 2366 ms, Speed: 0.79 M/s, Resolution: 1920x1080
Name: 宿松新闻综合, URL: rtmp://52181.lssplay.aodianyun.com/tv_radio_52181/tv_channel_3390?auth_key=4849469644-0-0-4ebac1aa7b06c07197e6a43bb43b3fa7, From: subscribe, IPv_Type: ipv4, Location: 中国-上海-上海, ISP: 电信, Date: None, Delay: -1 ms, Speed: inf M/s, Resolution: 720x404
Name: 宿松新闻综合, URL: http://live.ahsz.tv/video/s10001-szzh/index.m3u8, From: subscribe, IPv_Type: ipv6, Location: 中国, ISP: 中国电信, Date: None, Delay: 8370 ms, Speed: 0.12 M/s, Resolution: 1920x1080
Name: 宿州科教, URL: rtmp://live.ahsz.tv/video/s10001-kxjy, From: subscribe, IPv_Type: ipv6, Location: 中国, ISP: 中国移动, Date: None, Delay: -1 ms, Speed: inf M/s, Resolution: 1920x1080
Name: 宿州公共, URL: http://live.ahsz.tv/video/s10001-ggpd/index.m3u8, From: subscribe, IPv_Type: ipv6, Location: 中国, ISP: 中国移动, Date: None, Delay: 2008 ms, Speed: 0.04 M/s, Resolution: 1920x1080
Name: 六安新闻综合, URL: http://ls.qingting.fm/live/267.m3u8, From: subscribe, IPv_Type: ipv6, Location: 中国-广东-东莞, ISP: 电信, Date: None, Delay: 1802 ms, Speed: 0.06 M/s, Resolution: 1920x1080
Name: 六安公共, URL: http://ls.qingting.fm/live/1794199.m3u8, From: subscribe, IPv_Type: ipv6, Location: 中国-广东-东莞, ISP: 电信, Date: None, Delay: 700 ms, Speed: 0.10 M/s, Resolution: 1920x1080
Name: 亳州农村, URL: http://zbbf2.ahbztv.com/live/418.m3u8?zanhd, From: subscribe, IPv_Type: ipv6, Location: 加拿大, ISP: , Date: None, Delay: 145 ms, Speed: 6.02 M/s, Resolution: 1920x1080
Name: 亳州农村, URL: http://zbbf2.ahbztv.com/live/418.m3u8, From: subscribe, IPv_Type: ipv4, Location: 美国-伊利诺伊州-库克, ISP: 网宿CDN节点, Date: None, Delay: 148 ms, Speed: 5.90 M/s, Resolution: 1920x1080
Name: 宁夏经济, URL: http://satellitepull.cnr.cn/live/wxnxjjgb/playlist.m3u8, From: subscribe, IPv_Type: ipv4, Location: 美国-德克萨斯州-达拉斯, ISP: 网宿科技CDN节点, Date: None, Delay: 33 ms, Speed: 2.73 M/s, Resolution: None
Name: 宁夏经济, URL: https://satellitepull.cnr.cn/live/wxnxjjgb/playlist.m3u8, From: subscribe, IPv_Type: ipv4, Location: 美国-德克萨斯州-达拉斯, ISP: 网宿科技CDN节点, Date: None, Delay: 56 ms, Speed: 2.28 M/s, Resolution: None
Name: 吉林乡村, URL: http://satellitepull.cnr.cn/live/wxjlxcgb/playlist.m3u8, From: subscribe, IPv_Type: ipv4, Location: 美国-德克萨斯州-达拉斯, ISP: 网宿科技CDN节点, Date: None, Delay: 41 ms, Speed: 2.54 M/s, Resolution: None
Name: 吉林乡村, URL: https://satellitepull.cnr.cn/live/wxjlxcgb/playlist.m3u8, From: subscribe, IPv_Type: ipv4, Location: 美国-德克萨斯州-达拉斯, ISP: 网宿科技CDN节点, Date: None, Delay: 48 ms, Speed: 2.31 M/s, Resolution: None
Name: 延边-2, URL: http://stream8.jlntv.cn/ljtv/playlist.m3u8, From: subscribe, IPv_Type: ipv4, Location: 中国-广东-深圳, ISP: 联通, Date: None, Delay: 2473 ms, Speed: 0.26 M/s, Resolution: 320x240
Name: 延边-2, URL: http://stream5.jlntv.cn/wq/playlist.m3u8, From: subscribe, IPv_Type: ipv4, Location: 中国-福建-泉州, ISP: 联通, Date: None, Delay: 689 ms, Speed: 0.12 M/s, Resolution: 720x576
Name: 长白山电视台, URL: http://stream8.jlntv.cn/cbstv/sd/live.m3u8?zjild, From: subscribe, IPv_Type: ipv4, Location: 中国-福建-泉州, ISP: 联通, Date: None, Delay: 761 ms, Speed: 0.12 M/s, Resolution: 320x240
Name: 德惠综合, URL: http://stream11.jlntv.cn/dehuitv/sd/live.m3u8?%E5%85%B3%E6%B3%A8%E5%BE%AE%E4%BF%A1%E5%85%AC%E4%BC%97%E5%8F%B7[%E6%99%B4%E5%9B%AD], From: subscribe, IPv_Type: ipv4, Location: 中国-江苏-淮安, ISP: 电信, Date: None, Delay: 1228 ms, Speed: 0.26 M/s, Resolution: 720x576
Name: 德惠综合, URL: http://stream11.jlntv.cn/dehuitv/sd/live.m3u8, From: subscribe, IPv_Type: ipv4, Location: 中国-吉林-四平, ISP: 联通, Date: None, Delay: 2039 ms, Speed: 0.17 M/s, Resolution: 720x576
Name: 九台综合, URL: http://stream10.jlntv.cn/jiutaitv/sd/live.m3u8?zjild, From: subscribe, IPv_Type: ipv4, Location: 中国-吉林-四平, ISP: 联通, Date: None, Delay: 1294 ms, Speed: 0.30 M/s, Resolution: 720x576
Name: 九台综合, URL: http://stream10.jlntv.cn/jiutaitv/sd/live.m3u8?%E5%85%B3%E6%B3%A8%E5%BE%AE%E4%BF%A1%E5%85%AC%E4%BC%97%E5%8F%B7[%E6%99%B4%E5%9B%AD], From: subscribe, IPv_Type: ipv4, Location: 中国-山东-枣庄, ISP: 联通, Date: None, Delay: 2139 ms, Speed: 0.25 M/s, Resolution: 720x576
Name: 九台综合, URL: http://stream10.jlntv.cn/jiutaitv/sd/live.m3u8, From: subscribe, IPv_Type: ipv4, Location: 中国-吉林-四平, ISP: 联通, Date: None, Delay: 2003 ms, Speed: 0.22 M/s, Resolution: 720x576
Name: 靖宇综合, URL: http://stream9.jlntv.cn:80/aac_jygb/playlist.m3u8, From: subscribe, IPv_Type: ipv4, Location: 中国-贵州-六盘水, ISP: 联通, Date: None, Delay: 1495 ms, Speed: 0.05 M/s, Resolution: None
Name: 敦化一套, URL: http://stream8.jlntv.cn/dhtv/playlist.m3u8?zjild, From: subscribe, IPv_Type: ipv4, Location: 中国-江苏-南京, ISP: 电信, Date: None, Delay: 815 ms, Speed: 0.11 M/s, Resolution: 720x576
Name: 敦化一套, URL: http://stream8.jlntv.cn/dhtv/playlist.m3u8, From: subscribe, IPv_Type: ipv4, Location: 中国-广东-深圳, ISP: 联通, Date: None, Delay: 938 ms, Speed: 0.10 M/s, Resolution: 320x240
Name: 珲春新闻综合, URL: http://stream8.jlntv.cn/hctv/sd/live.m3u8?zjild&amp;amp;quot;, From: subscribe, IPv_Type: ipv4, Location: 中国-广东-深圳, ISP: 联通, Date: None, Delay: 1043 ms, Speed: 0.20 M/s, Resolution: 720x576
Name: 珲春新闻综合, URL: http://stream8.jlntv.cn/hctv/sd/live.m3u8?zjild,, From: subscribe, IPv_Type: ipv4, Location: 中国-广东-深圳, ISP: 联通, Date: None, Delay: 1995 ms, Speed: 0.19 M/s, Resolution: 720x576
Name: 珲春新闻综合, URL: http://stream8.jlntv.cn/hctv/sd/live.m3u8?zjild, From: subscribe, IPv_Type: ipv4, Location: 中国-广东-深圳, ISP: 联通, Date: None, Delay: 1697 ms, Speed: 0.18 M/s, Resolution: 720x576
Name: 珲春新闻综合, URL: http://stream8.jlntv.cn/hctv/sd/live.m3u8, From: subscribe, IPv_Type: ipv4, Location: 中国-广东-深圳, ISP: 联通, Date: None, Delay: 1715 ms, Speed: 0.18 M/s, Resolution: 720x576
Name: 珲春新闻综合, URL: http://stream8.jlntv.cn/hctv/sd/live.m3u8?zjild&amp;quot;, From: subscribe, IPv_Type: ipv4, Location: 中国-广东-深圳, ISP: 联通, Date: None, Delay: 1997 ms, Speed: 0.16 M/s, Resolution: 720x576
Name: 珲春新闻综合, URL: http://stream8.jlntv.cn/hctv/sd/live.m3u8?zjild&quot;, From: subscribe, IPv_Type: ipv4, Location: 中国-广东-深圳, ISP: 联通, Date: None, Delay: 4364 ms, Speed: 0.14 M/s, Resolution: 720x576
Name: 龙井综合, URL: http://stream9.jlntv.cn:80/aac_longjinggb/playlist.m3u8, From: subscribe, IPv_Type: ipv4, Location: 中国-贵州-六盘水, ISP: 联通, Date: None, Delay: 2541 ms, Speed: 0.03 M/s, Resolution: None
Name: 梅河口综合, URL: http://stream3.jlntv.cn:80/aac_mhkgb/playlist.m3u8, From: subscribe, IPv_Type: ipv4, Location: 中国-青海, ISP: 联通, Date: None, Delay: 1203 ms, Speed: 0.05 M/s, Resolution: None
Name: 桦甸综合, URL: http://stream9.jlntv.cn:80/aac_huadiangb/playlist.m3u8, From: subscribe, IPv_Type: ipv4, Location: 中国-贵州-六盘水, ISP: 联通, Date: None, Delay: 1466 ms, Speed: 0.05 M/s, Resolution: None
Name: 磐石综合, URL: http://stream3.jlntv.cn:80/aac_psgb/sd/live.m3u8, From: subscribe, IPv_Type: ipv4, Location: 中国-青海, ISP: 联通, Date: None, Delay: 1482 ms, Speed: 0.04 M/s, Resolution: None
Name: 舒兰新闻综合, URL: http://stream8.jlntv.cn/shulan/sd/live.m3u8?_upt=332db6421699196585, From: subscribe, IPv_Type: ipv4, Location: 中国-江苏-南京, ISP: 电信, Date: None, Delay: 3333 ms, Speed: 0.23 M/s, Resolution: 320x240
Name: 舒兰新闻综合, URL: http://stream8.jlntv.cn/shulan/sd/live.m3u8?zjild, From: subscribe, IPv_Type: ipv4, Location: 中国-广东-深圳, ISP: 联通, Date: None, Delay: 2615 ms, Speed: 0.21 M/s, Resolution: 320x240
Name: 东丰综合, URL: http://stream3.jlntv.cn:80/aac_dfgb/playlist.m3u8, From: subscribe, IPv_Type: ipv4, Location: 中国-青海, ISP: 联通, Date: None, Delay: 1158 ms, Speed: 0.04 M/s, Resolution: None
Name: 双辽综合, URL: http://stream3.jlntv.cn:80/aac_slgb/playlist.m3u8, From: subscribe, IPv_Type: ipv4, Location: 中国-青海, ISP: 联通, Date: None, Delay: 505 ms, Speed: 0.07 M/s, Resolution: None
Name: 辉南新闻综合, URL: http://stream5.jlntv.cn/hn/sd/live.m3u8, From: subscribe, IPv_Type: ipv4, Location: 中国-福建-泉州, ISP: 联通, Date: None, Delay: 1407 ms, Speed: 0.31 M/s, Resolution: 720x576
Name: 辉南新闻综合, URL: http://stream5.jlntv.cn/hn/sd/live.m3u8?zjild, From: subscribe, IPv_Type: ipv4, Location: 中国-福建-泉州, ISP: 联通, Date: None, Delay: 2579 ms, Speed: 0.26 M/s, Resolution: 720x576
Name: 辉南新闻综合, URL: http://stream5.jlntv.cn/hn/sd/live.m3u8?%E5%85%B3%E6%B3%A8%E5%BE%AE%E4%BF%A1%E5%85%AC%E4%BC%97%E5%8F%B7[%E6%99%B4%E5%9B%AD], From: subscribe, IPv_Type: ipv4, Location: 中国-山东-枣庄, ISP: 联通, Date: None, Delay: 2959 ms, Speed: 0.22 M/s, Resolution: 720x576
Name: 柳河综合, URL: http://stream3.jlntv.cn:80/aac_lhgb/sd/live.m3u8, From: subscribe, IPv_Type: ipv4, Location: 中国-青海, ISP: 联通, Date: None, Delay: 513 ms, Speed: 0.07 M/s, Resolution: None
Name: 通化县综合, URL: http://stream3.jlntv.cn:80/aac_thxgb/playlist.m3u8, From: subscribe, IPv_Type: ipv4, Location: 中国-青海, ISP: 联通, Date: None, Delay: 2575 ms, Speed: 0.03 M/s, Resolution: None
Name: 汪清综合, URL: http://stream5.jlntv.cn/wq/sd/live.m3u8?_upt=eb80947d1699080781, From: subscribe, IPv_Type: ipv4, Location: 中国-山东-枣庄, ISP: 联通, Date: None, Delay: 1403 ms, Speed: 0.10 M/s, Resolution: 720x576
Name: 汪清综合, URL: http://stream5.jlntv.cn/wq/sd/live.m3u8?zjild, From: subscribe, IPv_Type: ipv4, Location: 中国-福建-泉州, ISP: 联通, Date: None, Delay: 1781 ms, Speed: 0.08 M/s, Resolution: 720x576
Name: 汪清综合, URL: http://stream5.jlntv.cn/wq/sd/live.m3u8, From: subscribe, IPv_Type: ipv4, Location: 中国-福建-泉州, ISP: 联通, Date: None, Delay: 1652 ms, Speed: 0.08 M/s, Resolution: 720x576
Name: 易门综合, URL: https://zb-live.ynurl.com/yimen/3b75a2f9-7941-46b7-992d-a9796fbca5fe.m3u8, From: subscribe, IPv_Type: ipv4, Location: 中国-广东-深圳, ISP: 腾讯云, Date: None, Delay: 3271 ms, Speed: 0.47 M/s, Resolution: 1920x1080
Name: 通海电视台, URL: https://zb-live.ynurl.com/tonghai/3bfe3a9e-48e6-4c1e-8770-1df66447cc6c.m3u8, From: subscribe, IPv_Type: ipv4, Location: 中国-广东-深圳, ISP: 腾讯云, Date: None, Delay: 2489 ms, Speed: 0.63 M/s, Resolution: 1920x1080
Name: 云南都市, URL: https://hwapi.yntv.net/62hdvf/rjwt14.m3u8, From: subscribe, IPv_Type: ipv4, Location: 中国-海南-海口, ISP: 电信, Date: None, Delay: 1012 ms, Speed: 0.00 M/s, Resolution: 1280x720
Name: 云南娱乐, URL: https://hwapi.yntv.net/62hdvf/q9vs1b.m3u8, From: subscribe, IPv_Type: ipv4, Location: 中国-海南-海口, ISP: 电信, Date: None, Delay: 1872 ms, Speed: 0.27 M/s, Resolution: 1280x720
Name: 安多卫视, URL: rtmp://liveout.xntv.tv/a65jur/96iln2, From: subscribe, IPv_Type: ipv6, Location: 中国, ISP: 中国电信, Date: None, Delay: -1 ms, Speed: inf M/s, Resolution: 1920x1080
Name: 黑龙江新闻, URL: http://111.43.126.240:9003/hls/10/index.m3u8, From: subscribe, IPv_Type: ipv4, Location: 中国-黑龙江, ISP: 移动, Date: None, Delay: 3541 ms, Speed: 1.26 M/s, Resolution: 1920x1080
Name: 哈尔滨新闻综合, URL: https://stream.hrbtv.net/xwzh/playlist.m3u8, From: subscribe, IPv_Type: ipv4, Location: 中国-黑龙江-哈尔滨, ISP: 联通, Date: None, Delay: 7274 ms, Speed: 0.10 M/s, Resolution: 640x480
Name: 哈尔滨新闻综合, URL: https://stream.hrbtv.net/xwzh/sd/live.m3u8, From: subscribe, IPv_Type: ipv4, Location: 中国-黑龙江-哈尔滨, ISP: 联通, Date: None, Delay: 10555 ms, Speed: 0.04 M/s, Resolution: 640x480
Name: 哈尔滨新闻综合, URL: http://stream.hrbtv.net/xwzh/sd/live.m3u8, From: subscribe, IPv_Type: ipv4, Location: 中国-黑龙江-哈尔滨, ISP: 联通, Date: None, Delay: 10991 ms, Speed: 0.04 M/s, Resolution: None
Name: 哈尔滨新闻综合, URL: http://stream.hrbtv.net/xwzh/sd/live.m3u8?zheild, From: subscribe, IPv_Type: ipv4, Location: 中国-黑龙江-哈尔滨, ISP: 联通, Date: None, Delay: 10976 ms, Speed: 0.03 M/s, Resolution: None
Name: 哈尔滨影视, URL: http://111.43.126.240:9003/hls/5/index.m3u8, From: subscribe, IPv_Type: ipv4, Location: 中国-黑龙江, ISP: 移动, Date: None, Delay: 2758 ms, Speed: 1.53 M/s, Resolution: 720x576
Name: 哈尔滨影视, URL: https://stream.hrbtv.net/yspd/playlist.m3u8, From: subscribe, IPv_Type: ipv4, Location: 中国-黑龙江-哈尔滨, ISP: 联通, Date: None, Delay: 10370 ms, Speed: 0.04 M/s, Resolution: 640x480
Name: 哈尔滨影视, URL: http://stream.hrbtv.net/yspd/sd/live.m3u8?zheild#http://stream.hrbtv.net/yspd/sd/live.m3u8, From: subscribe, IPv_Type: ipv4, Location: 中国-黑龙江-哈尔滨, ISP: 联通, Date: None, Delay: 10115 ms, Speed: 0.04 M/s, Resolution: None
Name: 哈尔滨影视, URL: https://stream.hrbtv.net/yspd/sd/live.m3u8, From: subscribe, IPv_Type: ipv4, Location: 中国-黑龙江-哈尔滨, ISP: 联通, Date: None, Delay: 10729 ms, Speed: 0.03 M/s, Resolution: 640x480
Name: 哈尔滨影视, URL: http://stream.hrbtv.net/yspd/sd/live.m3u8, From: subscribe, IPv_Type: ipv4, Location: 中国-黑龙江-哈尔滨, ISP: 联通, Date: None, Delay: 10509 ms, Speed: 0.02 M/s, Resolution: None
Name: 哈尔滨影视, URL: http://stream.hrbtv.net/yspd/sd/live.m3u8?zheild, From: subscribe, IPv_Type: ipv4, Location: 中国-黑龙江-哈尔滨, ISP: 联通, Date: None, Delay: 10080 ms, Speed: 0.01 M/s, Resolution: None
Name: 哈尔滨资讯, URL: http://stream.hrbtv.net/zxpd/sd/live.m3u8, From: subscribe, IPv_Type: ipv4, Location: 中国-黑龙江-哈尔滨, ISP: 联通, Date: None, Delay: 10388 ms, Speed: 0.01 M/s, Resolution: None
Name: 哈尔滨生活, URL: http://stream.hrbtv.net/shpd/sd/live.m3u8?zheild, From: subscribe, IPv_Type: ipv4, Location: 中国-黑龙江-哈尔滨, ISP: 联通, Date: None, Delay: 10605 ms, Speed: 0.02 M/s, Resolution: None
Name: 哈尔滨娱乐, URL: http://stream.hrbtv.net/ylpd/sd/live.m3u8?zheild, From: subscribe, IPv_Type: ipv4, Location: 中国-黑龙江-哈尔滨, ISP: 联通, Date: None, Delay: 10119 ms, Speed: 0.01 M/s, Resolution: None
Name: 大庆新闻综合, URL: rtmp://masterpull.hljtv.com/live/4WdrZLCq, From: subscribe, IPv_Type: ipv4, Location: 中国-黑龙江, ISP: 移动, Date: None, Delay: 5067 ms, Speed: 0.00 M/s, Resolution: None
Name: 七台河新闻综合, URL: http://live.qthnews.org.cn:1935/live/live1/800k/tzwj_video.m3u8, From: subscribe, IPv_Type: ipv4, Location: 中国-黑龙江-哈尔滨, ISP: 联通, Date: None, Delay: 2057 ms, Speed: 0.44 M/s, Resolution: 1280x720
Name: 佳木斯新闻综合, URL: http://live.qthnews.org.cn:1935/live/live2/800k/tzwj_video.m3u8, From: subscribe, IPv_Type: ipv4, Location: 中国-黑龙江-哈尔滨, ISP: 联通, Date: None, Delay: 2091 ms, Speed: 0.45 M/s, Resolution: 1280x720
Name: 佳木斯新闻综合, URL: rtmp://masterpull.hljtv.com/live/l9wQtsVs, From: subscribe, IPv_Type: ipv4, Location: 中国-黑龙江, ISP: 移动, Date: None, Delay: 5056 ms, Speed: 0.00 M/s, Resolution: None
Name: 甘南县综合, URL: rtmp://masterpull.hljtv.com/live/YbFyF4Jb, From: subscribe, IPv_Type: ipv4, Location: 中国-黑龙江, ISP: 移动, Date: None, Delay: 5056 ms, Speed: 0.00 M/s, Resolution: None
Name: 齐齐哈尔新闻综合, URL: rtmp://masterpull.hljtv.com/live/dUi8b96l, From: subscribe, IPv_Type: ipv4, Location: 中国-黑龙江, ISP: 移动, Date: None, Delay: 5060 ms, Speed: 0.00 M/s, Resolution: None
Name: 齐齐哈尔新闻综合, URL: rtmp://rmplive.hljtv.com/live/qiqihaer, From: subscribe, IPv_Type: ipv4, Location: 中国-黑龙江, ISP: 移动, Date: None, Delay: 5078 ms, Speed: 0.00 M/s, Resolution: None
Name: 双鸭山综合, URL: rtmp://masterpull.hljtv.com/live/BowdCSzZ, From: subscribe, IPv_Type: ipv4, Location: 中国-黑龙江, ISP: 移动, Date: None, Delay: 5074 ms, Speed: 0.00 M/s, Resolution: None
Name: 翡翠台, URL: rtmp://demo2.anj365.com/live/xiangjiaoge-fc, From: subscribe, IPv_Type: ipv4, Location: 中国-浙江, ISP: 移动, Date: None, Delay: -1 ms, Speed: inf M/s, Resolution: 1920x1080
Name: 翡翠台, URL: rtmp://223.76.215.33/live/xaingjiaoge-jade, From: subscribe, IPv_Type: ipv4, Location: 中国-湖北-黄石, ISP: 移动, Date: None, Delay: -1 ms, Speed: inf M/s, Resolution: 1920x1080
Name: 翡翠台, URL: rtmp://oc-play-ali.vipkid.com.cn/live/xianajiaoge-fct, From: subscribe, IPv_Type: ipv4, Location: 美国-科罗拉多州-布鲁姆菲尔德, ISP: Level3, Date: None, Delay: -1 ms, Speed: inf M/s, Resolution: 1920x1080
Name: 翡翠台, URL: http://php.jdshipin.com:8880/TVOD/iptv.php?id=fct, From: subscribe, IPv_Type: ipv6, Location: 美国, ISP: CloudFlare Inc., Date: None, Delay: 46 ms, Speed: 214.98 M/s, Resolution: None
Name: 翡翠台, URL: http://o11.163189.xyz/stream/tvb/fct/, From: subscribe, IPv_Type: ipv6, Location: 美国, ISP: CloudFlare Inc., Date: None, Delay: 37 ms, Speed: 140.20 M/s, Resolution: 1920x1080
Name: 翡翠台, URL: http://r.jdshipin.com/thuYX, From: subscribe, IPv_Type: ipv6, Location: 美国, ISP: CloudFlare Inc., Date: None, Delay: 60 ms, Speed: 86.09 M/s, Resolution: 1920x1080
Name: 翡翠台, URL: http://175.178.232.13:16888/api/htuiliu.php?exp=08cf2a85bb499c832add0cc51fc18517&ip=106.226.94.180&id=65539baae6daca57256269e4e9f5b92d, From: subscribe, IPv_Type: ipv4, Location: 中国-广东-广州, ISP: 腾讯云, Date: None, Delay: 1119 ms, Speed: 0.59 M/s, Resolution: 1920x1080
Name: 翡翠台, URL: http://175.178.232.13:16888/api/htuiliu.php?exp=08cf2a85bb499c832add0cc51fc18517&ip=106.226.94.180&id=aa6dd931d0e26cc111e2629b4e11ab0d, From: subscribe, IPv_Type: ipv4, Location: 中国-广东-广州, ISP: 腾讯云, Date: None, Delay: 1161 ms, Speed: 0.51 M/s, Resolution: 1920x1080
Name: 翡翠台, URL: http://175.178.232.13:16888/api/htuiliu.php?exp=08cf2a85bb499c832add0cc51fc18517&ip=106.226.94.180&id=fde7fe09ae7ae3ca7f66d9f18e0be790, From: subscribe, IPv_Type: ipv4, Location: 中国-广东-广州, ISP: 腾讯云, Date: None, Delay: 1168 ms, Speed: 0.21 M/s, Resolution: 1280x720
Name: 翡翠台, URL: http://175.178.232.13:16888/api/htuiliu.php?exp=08cf2a85bb499c832add0cc51fc18517&ip=106.226.94.180&id=e35cb7a9d35534c871a2963723c4ce78, From: subscribe, IPv_Type: ipv4, Location: 中国-广东-广州, ISP: 腾讯云, Date: None, Delay: 1308 ms, Speed: 0.00 M/s, Resolution: None
Name: 明珠台, URL: http://o11.163189.xyz/stream/tvb/mzt/, From: subscribe, IPv_Type: ipv6, Location: 美国, ISP: CloudFlare Inc., Date: None, Delay: 42 ms, Speed: 141.24 M/s, Resolution: 1920x1080
Name: 明珠台, URL: https://o11.163189.xyz/stream/tvb/mzt/, From: subscribe, IPv_Type: ipv6, Location: 美国, ISP: CloudFlare Inc., Date: None, Delay: 64 ms, Speed: 90.24 M/s, Resolution: 1920x1080
Name: 明珠台, URL: http://php.jdshipin.com/TVOD/iptv.php?id=mzt, From: subscribe, IPv_Type: ipv6, Location: 美国, ISP: CloudFlare Inc., Date: None, Delay: 65 ms, Speed: 86.04 M/s, Resolution: 1920x1080
Name: 明珠台, URL: http://r.jdshipin.com/ZQ4kN, From: subscribe, IPv_Type: ipv6, Location: 美国, ISP: CloudFlare Inc., Date: None, Delay: 67 ms, Speed: 86.02 M/s, Resolution: 1920x1080
Name: 明珠台, URL: http://php.jdshipin.com/PLTV/iptv.php?id=mzt, From: subscribe, IPv_Type: ipv6, Location: 美国, ISP: CloudFlare Inc., Date: None, Delay: 55 ms, Speed: 83.26 M/s, Resolution: 1920x1080
Name: 明珠台, URL: http://mytv.cdn.loc.cc/o12.php?id=mzt, From: subscribe, IPv_Type: ipv6, Location: 美国, ISP: CloudFlare Inc., Date: None, Delay: 235 ms, Speed: 25.38 M/s, Resolution: 1920x1080
Name: 凤凰中文, URL: rtmp://oc-play-ali.vipkid.com.cn/live/xianajiaoge-fhzw, From: subscribe, IPv_Type: ipv4, Location: 美国-科罗拉多州-布鲁姆菲尔德, ISP: Level3, Date: None, Delay: -1 ms, Speed: inf M/s, Resolution: 1920x1080
Name: 凤凰中文, URL: http://221.7.175.154:8445/tsfile/live/1020_1.m3u8?key=txiptv&playlive=1&authid=0, From: subscribe, IPv_Type: ipv4, Location: 中国-广西-北海, ISP: 联通, Date: None, Delay: 10771 ms, Speed: 0.61 M/s, Resolution: 1920x1080
Name: 凤凰中文, URL: http://zmgd.zyrnet.com:8888/hls/110/index.m3u8, From: subscribe, IPv_Type: ipv4, Location: 中国-河南-郑州, ISP: 移动, Date: None, Delay: 10116 ms, Speed: 0.26 M/s, Resolution: 1920x1080
Name: 凤凰中文, URL: http://hao6688.3322.org:30066/stream/channelid/1842094443?ticket=1816185b7d63e25732b5356603d0cbdb67d18c85&profile=pass, From: subscribe, IPv_Type: ipv4, Location: 中国-浙江-绍兴, ISP: 电信, Date: None, Delay: 1036 ms, Speed: 0.14 M/s, Resolution: None
Name: 凤凰中文, URL: http://219.145.93.74:10000/tsfile/live/1002_1.m3u8?key=txiptv&playlive=1&authid=0, From: subscribe, IPv_Type: ipv4, Location: 中国-陕西-西安, ISP: 电信, Date: None, Delay: 10299 ms, Speed: 0.08 M/s, Resolution: 720x576
Name: 凤凰资讯, URL: rtmp://oc-play-ali.vipkid.com.cn/live/xianajiaoge-fhzx, From: subscribe, IPv_Type: ipv4, Location: 美国-科罗拉多州-布鲁姆菲尔德, ISP: Level3, Date: None, Delay: -1 ms, Speed: inf M/s, Resolution: 1920x1080
Name: 凤凰资讯, URL: https://cdn6.163189.xyz/163189/fhzx, From: subscribe, IPv_Type: ipv6, Location: 美国, ISP: CloudFlare Inc., Date: None, Delay: 80 ms, Speed: 91.17 M/s, Resolution: None
Name: 凤凰资讯, URL: http://zmgd.zyrnet.com:8888/hls/109/index.m3u8, From: subscribe, IPv_Type: ipv4, Location: 中国-河南-郑州, ISP: 移动, Date: None, Delay: 10086 ms, Speed: 0.30 M/s, Resolution: 1920x1080
Name: 凤凰资讯, URL: http://hao6688.3322.org:30066/stream/channelid/336556813?ticket=87744c9dd418af8aa2df11bd9a15f5ff24d5706b&profile=pass, From: subscribe, IPv_Type: ipv4, Location: 中国-浙江-绍兴, ISP: 电信, Date: None, Delay: 6938 ms, Speed: 0.04 M/s, Resolution: None
Name: 凤凰香港, URL: https://cdn6.163189.xyz/163189/fhhk, From: subscribe, IPv_Type: ipv6, Location: 美国, ISP: CloudFlare Inc., Date: None, Delay: 66 ms, Speed: 80.51 M/s, Resolution: None
Name: TVBS亚洲, URL: http://d2e1asnsl7br7b.cloudfront.net/7782e205e72f43aeb4a48ec97f66ebbe/index_5.m3u8?zshijd, From: subscribe, IPv_Type: ipv6, Location: 美国, ISP: Amazon, Date: None, Delay: 1088 ms, Speed: 5.20 M/s, Resolution: 1920x1080
Name: J2, URL: http://php.jdshipin.com:8880/PLTV/iptv.php?id=j2, From: subscribe, IPv_Type: ipv6, Location: 美国, ISP: CloudFlare Inc., Date: None, Delay: 231 ms, Speed: 0.00 M/s, Resolution: 1920x1080
Name: Viutv, URL: https://turkmedya-live.ercdn.net/tv360/tv360.m3u8, From: subscribe, IPv_Type: ipv4, Location: 美国-伊利诺伊州-库克, ISP: FDC机房, Date: None, Delay: 2056 ms, Speed: 1.10 M/s, Resolution: 1920x1080
Name: 无线新闻, URL: http://php.jdshipin.com:8880/TVOD/iptv.php?id=tvbxw, From: subscribe, IPv_Type: ipv6, Location: 美国, ISP: CloudFlare Inc., Date: None, Delay: 38 ms, Speed: 125.46 M/s, Resolution: 1920x1080
Name: Now剧集, URL: http://175.178.232.13:16888/api/htuiliu.php?exp=08cf2a85bb499c832add0cc51fc18517&ip=106.226.94.180&id=b501cb937be807125bb0656c030659cdc7751dd94c9492f8960e5197434d5f95, From: subscribe, IPv_Type: ipv4, Location: 中国-广东-广州, ISP: 腾讯云, Date: None, Delay: 626 ms, Speed: 0.26 M/s, Resolution: 1280x720
Name: Now剧集, URL: http://175.178.232.13:16888/api/htuiliu.php?exp=08cf2a85bb499c832add0cc51fc18517&ip=106.226.94.180&id=b501cb937be807125bb0656c030659cd8cace2fcc067cdfdb68b9315f171d913, From: subscribe, IPv_Type: ipv4, Location: 中国-广东-广州, ISP: 腾讯云, Date: None, Delay: 425 ms, Speed: 0.26 M/s, Resolution: 1280x720
Name: Now华剧, URL: http://175.178.232.13:16888/api/htuiliu.php?exp=08cf2a85bb499c832add0cc51fc18517&ip=106.226.94.180&id=2da2004ff06bd25c20b77967b64d98bb, From: subscribe, IPv_Type: ipv4, Location: 中国-广东-广州, ISP: 腾讯云, Date: None, Delay: 250 ms, Speed: 0.34 M/s, Resolution: 1280x720
Name: Now华剧, URL: http://iptv.4666888.xyz/iptv2A.php?id=84, From: subscribe, IPv_Type: ipv4, Location: 中国-香港, ISP: AS979_Net, Date: None, Delay: 85 ms, Speed: 0.31 M/s, Resolution: 864x720
Name: Now华剧, URL: http://175.178.232.13:16888/api/htuiliu.php?exp=08cf2a85bb499c832add0cc51fc18517&ip=106.226.94.180&id=dd2e9155ad039623086870c9019a7898e8938fe97b898cfa8b2099d212bce38de055fe9815affaa07ceb6c53dcdae582, From: subscribe, IPv_Type: ipv4, Location: 中国-广东-广州, ISP: 腾讯云, Date: None, Delay: 587 ms, Speed: 0.28 M/s, Resolution: 1280x720
Name: Now华剧, URL: http://175.178.232.13:16888/api/htuiliu.php?exp=08cf2a85bb499c832add0cc51fc18517&ip=106.226.94.180&id=dd2e9155ad039623086870c9019a7898ae4adb5418edb657e4d1483030c7d0c7, From: subscribe, IPv_Type: ipv4, Location: 中国-广东-广州, ISP: 腾讯云, Date: None, Delay: 1766 ms, Speed: 0.21 M/s, Resolution: 1280x720
Name: 靖天资讯, URL: https://litv.tzh911.qzz.io/litv.php?id=4gtv-4gtv065&token=https://t.me/GPT_858, From: subscribe, IPv_Type: ipv6, Location: 美国, ISP: CloudFlare Inc., Date: None, Delay: 2089 ms, Speed: 1.22 M/s, Resolution: 1920x1080
Name: CHC家庭影院, URL: https://live.264788.xyz/channel/chcjiatingyingyuan?streamid=793fab686a474d798d627cd73c70d613&livekey=01WgOR41rriMmMkzNsd0UoaxJRwetZdxIvtVk, From: subscribe, IPv_Type: ipv4, Location: 美国, ISP: CloudFlare节点, Date: None, Delay: 1646 ms, Speed: 26.42 M/s, Resolution: 1920x1080
Name: CHC家庭影院, URL: https://live.264788.xyz/channel/chcjiatingyingyuan?streamid=136f530a61d26dc0f670f39f05291586&livekey=01WgOR41rriMmMkzNsd0UoaxJRwetZdxIvtVk, From: subscribe, IPv_Type: ipv4, Location: 美国, ISP: CloudFlare节点, Date: None, Delay: 3495 ms, Speed: 8.37 M/s, Resolution: 1920x1080
Name: CHC动作电影, URL: https://live.264788.xyz/channel/chcdongzuodianying?streamid=93acb2d859f1483a3fe6f3a46516506f&livekey=01WgOR41rriMmMkzNsd0UoaxJRwetZdxIvtVk, From: subscribe, IPv_Type: ipv4, Location: 美国, ISP: CloudFlare节点, Date: None, Delay: 194 ms, Speed: 68.40 M/s, Resolution: 1920x1080
Name: CHC动作电影, URL: https://shcm-stream-cf1.stream.264788.xyz/cms001/ch00000090990000001580/index.m3u8?streamid=87c13b6e841ed5039d4c2ce8f266f9ef&streamkey=0gNYRWDeQgJcsRRVxgX7CXzeeNfbK5b6jgfx2dUMMXpSOjJ6HaVTnXNZIvUs7ZjMVIipZGwSqsLBoB1csVGKjUersUPcVyHJvvzH9lv6u5pQ0BcM1SFtompQvPNMFD09b&token=1775754577-a16c17c5548559fa-0-23e1bb39b278d07d81f7441cf04c41ce, From: subscribe, IPv_Type: ipv4, Location: 美国, ISP: CloudFlare节点, Date: None, Delay: 196 ms, Speed: 68.13 M/s, Resolution: 1920x1080
Name: CHC动作电影, URL: https://live.264788.xyz/channel/chcdongzuodianying?streamid=87c13b6e841ed5039d4c2ce8f266f9ef&livekey=01WgOR41rriMmMkzNsd0UoaxJRwetZdxIvtVk, From: subscribe, IPv_Type: ipv4, Location: 美国, ISP: CloudFlare节点, Date: None, Delay: 856 ms, Speed: 20.23 M/s, Resolution: 1920x1080
Name: CHC高清电影, URL: http://183.237.95.108:9901/tsfile/live/1008_1.m3u8?key=txiptv&playlive=0&authid=0, From: subscribe, IPv_Type: ipv4, Location: 中国-广东-梅州, ISP: 移动, Date: None, Delay: 10013 ms, Speed: 0.40 M/s, Resolution: 1920x1080
Name: CHC高清电影, URL: http://dassby.qqff.top:99/live/CHC高清/index.m3u8, From: subscribe, IPv_Type: ipv4, Location: 中国-辽宁-鞍山, ISP: 联通, Date: None, Delay: 10261 ms, Speed: 0.27 M/s, Resolution: 1920x1080
Name: CHC高清电影, URL: http://218.15.183.23:9901/tsfile/live/23044_1.m3u8, From: subscribe, IPv_Type: ipv4, Location: 中国-广东-梅州, ISP: 电信, Date: None, Delay: 10273 ms, Speed: 0.08 M/s, Resolution: 1920x1080
Name: CHC高清电影, URL: rtsp://115.153.247.80/PLTV/88888888/224/3221226990/86128784.smil, From: subscribe, IPv_Type: ipv4, Location: 中国-江西-宜春, ISP: 电信, Date: None, Delay: 10004 ms, Speed: 0.00 M/s, Resolution: None
Name: CHC高清电影, URL: rtsp://115.153.230.145/PLTV/88888888/224/3221226990/86128784.smil, From: subscribe, IPv_Type: ipv4, Location: 中国-江西-宜春, ISP: 电信, Date: None, Delay: 10005 ms, Speed: 0.00 M/s, Resolution: None
Name: CHC高清电影, URL: rtsp://115.153.222.112:554/PLTV/88888888/224/3221226990/86128784.smil, From: subscribe, IPv_Type: ipv4, Location: 中国-江西-宜春, ISP: 电信, Date: None, Delay: 10005 ms, Speed: 0.00 M/s, Resolution: None
Name: NewTV惊悚悬疑, URL: https://iptv.catvod.com/live.php?id=NewTV%E6%83%8A%E6%82%9A%E6%82%AC%E7%96%91, From: subscribe, IPv_Type: ipv6, Location: 美国, ISP: CloudFlare Inc., Date: None, Delay: 32 ms, Speed: 16.89 M/s, Resolution: 1920x1080
Name: NewTV惊悚悬疑, URL: https://live.264788.xyz/channel/newtvjingsongxuanyi?streamid=082a2e30e260e629bde8f58d4861bee0&livekey=01WgOR41rriMmMkzNsd0UoaxJRwetZdxIvtVk, From: subscribe, IPv_Type: ipv4, Location: 美国, ISP: CloudFlare节点, Date: None, Delay: 149 ms, Speed: 12.56 M/s, Resolution: 1920x1080
Name: NewTV惊悚悬疑, URL: https://live.264788.xyz/channel/newtvjingsongxuanyi?streamid=cefe64289cde2680e596ee3c1c6a4bf2&livekey=01WgOR41rriMmMkzNsd0UoaxJRwetZdxIvtVk, From: subscribe, IPv_Type: ipv4, Location: 美国, ISP: CloudFlare节点, Date: None, Delay: 259 ms, Speed: 7.25 M/s, Resolution: 1920x1080
Name: NewTV动作电影, URL: https://iptv.catvod.com/live.php?id=NewTV%E5%8A%A8%E4%BD%9C%E7%94%B5%E5%BD%B1, From: subscribe, IPv_Type: ipv6, Location: 美国, ISP: CloudFlare Inc., Date: None, Delay: 32 ms, Speed: 20.05 M/s, Resolution: 1920x1080
Name: 靖天映画, URL: https://iptv.852851.xyz/ch/13eaf1f8e1b5a94d2350dccab165849a/master.m3u8, From: subscribe, IPv_Type: ipv4, Location: 美国, ISP: CloudFlare节点, Date: None, Delay: 1298 ms, Speed: 1.26 M/s, Resolution: 1920x1080
Name: 靖天映画, URL: https://litv.tzh911.qzz.io/litv.php?id=4gtv-4gtv055&token=https://t.me/GPT_858, From: subscribe, IPv_Type: ipv6, Location: 美国, ISP: CloudFlare Inc., Date: None, Delay: 1891 ms, Speed: 0.82 M/s, Resolution: 1920x1080
Name: 靖天戏剧, URL: https://iptv.852851.xyz/ch/a0ce5f61da4ba42090cd8a6fb3144126/master.m3u8, From: subscribe, IPv_Type: ipv4, Location: 美国, ISP: CloudFlare节点, Date: None, Delay: 1395 ms, Speed: 1.24 M/s, Resolution: 1920x1080
Name: IPTV经典电影, URL: http://183.220.107.138:4022/rtp/239.10.0.122:5140, From: subscribe, IPv_Type: ipv4, Location: 中国-四川-成都, ISP: 移动, Date: None, Delay: 384 ms, Speed: 0.28 M/s, Resolution: 1920x1080
Name: 天映经典, URL: http://free.cnlive.club/channel/n7e49c99a.m3u8?q=111.170.171.148, From: subscribe, IPv_Type: ipv6, Location: 美国, ISP: CloudFlare Inc., Date: None, Delay: 250 ms, Speed: 3.31 M/s, Resolution: 1920x1080
Name: 天映经典, URL: http://175.178.232.13:16888/api/htuiliu.php?exp=08cf2a85bb499c832add0cc51fc18517&ip=106.226.94.180&id=2c558a324f501f253d214aac46f1b280e055fe9815affaa07ceb6c53dcdae582, From: subscribe, IPv_Type: ipv4, Location: 中国-广东-广州, ISP: 腾讯云, Date: None, Delay: 553 ms, Speed: 0.20 M/s, Resolution: 1024x576
Name: 天映经典, URL: http://175.178.232.13:16888/api/htuiliu.php?exp=08cf2a85bb499c832add0cc51fc18517&ip=106.226.94.180&id=b97958e4849ee0594de9a1c0f3c800f8e055fe9815affaa07ceb6c53dcdae582, From: subscribe, IPv_Type: ipv4, Location: 中国-广东-广州, ISP: 腾讯云, Date: None, Delay: 532 ms, Speed: 0.18 M/s, Resolution: 1024x576
Name: 天映经典, URL: http://175.178.232.13:16888/api/htuiliu.php?exp=08cf2a85bb499c832add0cc51fc18517&ip=106.226.94.180&id=99e36f0f60b06275a9b301fd688d0857, From: subscribe, IPv_Type: ipv4, Location: 中国-广东-广州, ISP: 腾讯云, Date: None, Delay: 1284 ms, Speed: 0.15 M/s, Resolution: 1024x576
Name: 无线星河, URL: https://cdn6.163189.xyz/163189/tvbxh, From: subscribe, IPv_Type: ipv6, Location: 美国, ISP: CloudFlare Inc., Date: None, Delay: 58 ms, Speed: 60.63 M/s, Resolution: None
Name: 龙祥电影, URL: http://free.cnlive.club/channel/67548a4f.m3u8, From: subscribe, IPv_Type: ipv4, Location: 美国-内华达州-克拉克, ISP: BuyVM, Date: None, Delay: 318 ms, Speed: 2.76 M/s, Resolution: 1920x1080
Name: 劲爆体育, URL: https://www.freetv.top/migu/796071336.m3u8?migutoken=05144ee4526abc2f6a8d44a41f9e078ef10c1a9f8930d51d7f453315d3577b613eac76898b1e0965789f7010cd3f8a1bca3167ef6e625cb77fc2c575eec35c8d07aaff61dc4b79f75fc67ef667, From: subscribe, IPv_Type: ipv6, Location: 美国-加利福尼亚州-圣克拉拉, ISP: DigitalOcean, Date: None, Delay: 41 ms, Speed: 9.90 M/s, Resolution: 1920x1080
Name: 爱体育, URL: rtsp://180.95.143.19/PLTV/88888910/224/3221225508/10000100000000060000000000107288_0.smil, From: subscribe, IPv_Type: ipv4, Location: 中国-甘肃-金昌, ISP: 联通, Date: None, Delay: 10004 ms, Speed: 0.00 M/s, Resolution: None
Name: 爱体育, URL: rtsp://116.176.26.18/PLTV/88888910/224/3221225508/10000100000000060000000000107288_0.smil, From: subscribe, IPv_Type: ipv4, Location: 中国-甘肃, ISP: 联通, Date: None, Delay: 10005 ms, Speed: 0.00 M/s, Resolution: None
Name: 爱体育, URL: rtsp://118.212.169.207:554/PLTV/88888888/224/3221227315/10000100000000060000000001946406_0.smil, From: subscribe, IPv_Type: ipv4, Location: 中国-江西, ISP: 联通, Date: None, Delay: 10005 ms, Speed: 0.00 M/s, Resolution: None
Name: 爱体育, URL: rtsp://60.13.39.19/PLTV/88888910/224/3221225508/10000100000000060000000000107288_0.smil, From: subscribe, IPv_Type: ipv4, Location: 中国-甘肃-天水, ISP: 联通, Date: None, Delay: 10006 ms, Speed: 0.00 M/s, Resolution: None
Name: 爱体育, URL: rtsp://60.13.23.179/PLTV/88888910/224/3221225508/10000100000000060000000000107288_0.smil, From: subscribe, IPv_Type: ipv4, Location: 中国-甘肃-兰州, ISP: 联通, Date: None, Delay: 10005 ms, Speed: 0.00 M/s, Resolution: None
Name: 爱体育, URL: rtsp://221.7.61.147/PLTV/88888910/224/3221225508/10000100000000060000000000107288_0.smil, From: subscribe, IPv_Type: ipv4, Location: 中国-甘肃-白银, ISP: 联通, Date: None, Delay: 10005 ms, Speed: 0.00 M/s, Resolution: None
Name: 爱体育, URL: rtsp://116.176.26.19/PLTV/88888910/224/3221225508/10000100000000060000000000107288_0.smil, From: subscribe, IPv_Type: ipv4, Location: 中国-甘肃, ISP: 联通, Date: None, Delay: 10004 ms, Speed: 0.00 M/s, Resolution: None
Name: 爱体育, URL: rtsp://60.13.39.18/PLTV/88888910/224/3221225508/10000100000000060000000000107288_0.smil, From: subscribe, IPv_Type: ipv4, Location: 中国-甘肃-天水, ISP: 联通, Date: None, Delay: 10004 ms, Speed: 0.00 M/s, Resolution: None
Name: 爱体育, URL: rtsp://115.153.245.70/PLTV/88888888/224/3221227012/86440946.smil, From: subscribe, IPv_Type: ipv4, Location: 中国-江西-宜春, ISP: 电信, Date: None, Delay: 10005 ms, Speed: 0.00 M/s, Resolution: None
Name: 爱体育, URL: rtsp://115.153.254.81/PLTV/88888888/224/3221227044/86502115.smil, From: subscribe, IPv_Type: ipv4, Location: 中国-江西-宜春, ISP: 电信, Date: None, Delay: 10005 ms, Speed: 0.00 M/s, Resolution: None
Name: 爱体育, URL: rtsp://115.153.240.228:554/PLTV/88888888/224/3221227044/86502115.smil, From: subscribe, IPv_Type: ipv4, Location: 中国-江西-宜春, ISP: 电信, Date: None, Delay: 10005 ms, Speed: 0.00 M/s, Resolution: None
Name: 爱体育, URL: rtsp://115.153.212.72/PLTV/88888888/224/3221227044/86502115.smil, From: subscribe, IPv_Type: ipv4, Location: 中国-江西-宜春, ISP: 电信, Date: None, Delay: 10005 ms, Speed: 0.00 M/s, Resolution: None
Name: 爱体育, URL: rtsp://115.153.247.80/PLTV/88888888/224/3221227012/86440946.smil, From: subscribe, IPv_Type: ipv4, Location: 中国-江西-宜春, ISP: 电信, Date: None, Delay: 10004 ms, Speed: 0.00 M/s, Resolution: None
Name: 爱体育, URL: rtsp://115.153.230.145/PLTV/88888888/224/3221227012/86440946.smil, From: subscribe, IPv_Type: ipv4, Location: 中国-江西-宜春, ISP: 电信, Date: None, Delay: 10004 ms, Speed: 0.00 M/s, Resolution: None
Name: 爱体育, URL: rtsp://115.153.222.112:554/PLTV/88888888/224/3221227012/86440946.smil, From: subscribe, IPv_Type: ipv4, Location: 中国-江西-宜春, ISP: 电信, Date: None, Delay: 10006 ms, Speed: 0.00 M/s, Resolution: None
Name: 爱体育, URL: rtsp://115.153.233.154/PLTV/88888888/224/3221227012/86440946.smil, From: subscribe, IPv_Type: ipv4, Location: 中国-江西-宜春, ISP: 电信, Date: None, Delay: 10004 ms, Speed: 0.00 M/s, Resolution: None
Name: 爱体育, URL: rtsp://112.245.125.39:1554/iptv/import/Tvod/iptv/001/001/ch11060317323358720349.rsc/69939_Uni.sdp, From: subscribe, IPv_Type: ipv4, Location: 中国-山东-泰安, ISP: 联通, Date: None, Delay: 10005 ms, Speed: 0.00 M/s, Resolution: None
Name: 爱体育, URL: rtsp://183.59.156.166/PLTV/88888905/224/3221227073/10000100000000060000000000698847_0.smil?rrsip=125.88.104.40, From: subscribe, IPv_Type: ipv4, Location: 中国-广东-广州, ISP: 电信, Date: None, Delay: 10005 ms, Speed: 0.00 M/s, Resolution: None
Name: 爱体育, URL: rtsp://112.245.125.47:1554/iptv/import/Tvod/iptv/001/001/ch17120418224162657206.rsc/74292_Uni.sdp, From: subscribe, IPv_Type: ipv4, Location: 中国-山东-泰安, ISP: 联通, Date: None, Delay: 10005 ms, Speed: 0.00 M/s, Resolution: None
Name: 爱体育, URL: rtsp://183.59.156.166/PLTV/88888905/224/3221227991/10000100000000060000000006877797_0.smil?rrsip=125.88.104.40, From: subscribe, IPv_Type: ipv4, Location: 中国-广东-广州, ISP: 电信, Date: None, Delay: 10004 ms, Speed: 0.00 M/s, Resolution: None
Name: 超级体育, URL: http://111.43.126.240:9003/hls/86/index.m3u8, From: subscribe, IPv_Type: ipv4, Location: 中国-黑龙江, ISP: 移动, Date: None, Delay: 766 ms, Speed: 0.00 M/s, Resolution: 1920x1080
Name: 精品体育, URL: https://epg.pw/stream/94ed0232b61ce8d89883160a4cdfbfc8f3225cae70ef8e17d93eec249a3c8ad6.m3u8, From: subscribe, IPv_Type: ipv6, Location: 美国, ISP: CloudFlare Inc., Date: None, Delay: 1516 ms, Speed: 0.44 M/s, Resolution: 1920x1080
Name: 精品体育, URL: https://epg.pw/stream/866a097a0907c9832440f8df38272dd555abf05200dfbafcc137e214c9b30ca7.m3u8, From: subscribe, IPv_Type: ipv6, Location: 美国, ISP: CloudFlare Inc., Date: None, Delay: 1551 ms, Speed: 0.44 M/s, Resolution: 1920x1080
Name: 精品体育, URL: https://epg.pw/stream/f7556eccd4ae06b0c2991fdc7a4f8388496559f728cc82459a8e50346040e226.m3u8, From: subscribe, IPv_Type: ipv6, Location: 美国, ISP: CloudFlare Inc., Date: None, Delay: 1701 ms, Speed: 0.43 M/s, Resolution: 1920x1080
Name: 辽宁体育, URL: http://dassby.qqff.top:99/live/辽宁体育/index.m3u8, From: subscribe, IPv_Type: ipv4, Location: 中国-辽宁-鞍山, ISP: 联通, Date: None, Delay: 10881 ms, Speed: 0.15 M/s, Resolution: 1920x1080
Name: 辽宁体育, URL: http://120.76.248.139/live/bfgd/4200000611.m3u8, From: subscribe, IPv_Type: ipv4, Location: 中国-浙江-杭州, ISP: 阿里云BGP数据中心, Date: None, Delay: 10896 ms, Speed: 0.00 M/s, Resolution: 1280x720
Name: 天津体育, URL: http://38.75.136.137:98/gslb/dsdqpub/tjtv5.m3u8?auth=testpub, From: subscribe, IPv_Type: ipv4, Location: 美国-伊利诺伊州-库克, ISP: Cogent, Date: None, Delay: 531 ms, Speed: 3.49 M/s, Resolution: 1280x720
Name: 天津体育, URL: http://ak.cj022.com:10080/hls/6/index.m3u8, From: subscribe, IPv_Type: ipv4, Location: 中国-天津-天津, ISP: 联通, Date: None, Delay: 10122 ms, Speed: 0.03 M/s, Resolution: 1920x1080
Name: 睛彩广场舞, URL: https://iptv.catvod.com/live.php?id=%E7%9D%9B%E5%BD%A9%E5%B9%BF%E5%9C%BA%E8%88%9E, From: subscribe, IPv_Type: ipv6, Location: 美国, ISP: CloudFlare Inc., Date: None, Delay: 31 ms, Speed: 18.62 M/s, Resolution: 1920x1080
Name: 快乐垂钓, URL: https://iptv.catvod.com/live.php?id=%E5%BF%AB%E4%B9%90%E5%9E%82%E9%92%93, From: subscribe, IPv_Type: ipv4, Location: 美国-加利福尼亚州-洛杉矶, ISP: IT7网络, Date: None, Delay: 32 ms, Speed: 18.12 M/s, Resolution: 1920x1080
Name: 新动漫, URL: https://iptv.catvod.com/live.php?id=%E6%96%B0%E5%8A%A8%E6%BC%AB, From: subscribe, IPv_Type: ipv4, Location: 美国-加利福尼亚州-洛杉矶, ISP: IT7网络, Date: None, Delay: 31 ms, Speed: 18.45 M/s, Resolution: 1920x1080
Name: 新动漫, URL: https://iptv.catvod.com/live.php?id=%E6%96%B0%E5%8A%A8%E6%BC%AB&line=1, From: subscribe, IPv_Type: ipv4, Location: 美国-加利福尼亚州-洛杉矶, ISP: IT7网络, Date: None, Delay: 31 ms, Speed: 18.29 M/s, Resolution: 1920x1080
Name: 黑莓动画, URL: http://111.43.126.240:9003/hls/100/index.m3u8, From: subscribe, IPv_Type: ipv4, Location: 中国-黑龙江, ISP: 移动, Date: None, Delay: 187 ms, Speed: 0.00 M/s, Resolution: 1920x1080
Name: 河北少儿科教, URL: http://php.fjl626.cn/hebei.php?id=sekj, From: subscribe, IPv_Type: ipv4, Location: 中国-香港, ISP: Cloudie_Limited, Date: None, Delay: 300 ms, Speed: 0.02 M/s, Resolution: None
Name: 七龙珠, URL: http://cdn.jdshipin.com:8880/huya.php?id=11601966, From: subscribe, IPv_Type: ipv6, Location: 美国, ISP: CloudFlare Inc., Date: None, Delay: 510 ms, Speed: 0.26 M/s, Resolution: 960x720
Name: 火影忍者, URL: http://cdn.jdshipin.com:8880/huya.php?id=29465866, From: subscribe, IPv_Type: ipv6, Location: 美国, ISP: CloudFlare Inc., Date: None, Delay: 277 ms, Speed: 0.24 M/s, Resolution: 1920x1080
Name: 海绵宝宝, URL: https://live.metshop.top/douyu/3949681, From: subscribe, IPv_Type: ipv6, Location: 美国, ISP: CloudFlare Inc., Date: None, Delay: 1162 ms, Speed: 0.21 M/s, Resolution: 1920x1080
Name: 中华小当家, URL: https://live.metshop.top/huya/11342413, From: subscribe, IPv_Type: ipv6, Location: 美国, ISP: CloudFlare Inc., Date: None, Delay: 508 ms, Speed: 0.21 M/s, Resolution: 1920x1080
Name: 猫和老鼠, URL: http://cdn.jdshipin.com:8880/huya.php?id=11352879, From: subscribe, IPv_Type: ipv6, Location: 美国, ISP: CloudFlare Inc., Date: None, Delay: 292 ms, Speed: 0.17 M/s, Resolution: 640x464
Name: 猫和老鼠, URL: https://live.ottiptv.cc/huya/11352879, From: subscribe, IPv_Type: ipv6, Location: 美国, ISP: Oracle Corporation, Date: None, Delay: 462 ms, Speed: 0.16 M/s, Resolution: 576x432
Name: 猫和老鼠, URL: https://live.metshop.top/huya/11352879, From: subscribe, IPv_Type: ipv6, Location: 美国, ISP: CloudFlare Inc., Date: None, Delay: 565 ms, Speed: 0.16 M/s, Resolution: 720x576
Name: 经典动漫, URL: https://www.goodiptv.club/yy/22777075, From: subscribe, IPv_Type: ipv6, Location: 美国, ISP: CloudFlare Inc., Date: None, Delay: 675 ms, Speed: 0.17 M/s, Resolution: 1920x1080
Name: 漫画解说, URL: https://www.goodiptv.club/douyu/5907076, From: subscribe, IPv_Type: ipv6, Location: 美国, ISP: CloudFlare Inc., Date: None, Delay: 1236 ms, Speed: 0.05 M/s, Resolution: 1920x1080
Name: 游戏风云, URL: https://www.freetv.top/migu/790188417.m3u8?migutoken=4bb23a171d4d63d4362dfba9a795c0f4ae95e2190f17a502e900947df23bda8e7a18b21aa9e6b578071ed4ced654a44a80d0fb8970ac8330432d19255fb721f3c1ee552fa186e2c9427e18e082, From: subscribe, IPv_Type: ipv6, Location: 美国-加利福尼亚州-圣克拉拉, ISP: DigitalOcean, Date: None, Delay: 324 ms, Speed: 4.93 M/s, Resolution: 1920x1080
Name: 游戏风云, URL: http://dassby.qqff.top:99/live/游戏风云/index.m3u8, From: subscribe, IPv_Type: ipv4, Location: 中国-辽宁-鞍山, ISP: 联通, Date: None, Delay: 11001 ms, Speed: 0.77 M/s, Resolution: 1920x1080
Name: 游戏风云, URL: https://www.freetv.top/migu/790188417.m3u8?migutoken=0276ef43726b0a3df46f95059cfba0dc88fb58e0682005aef78c7fcce5c7101a4d1199cd5aa05c58eaed75bf3a107385ce216cf787ceb58c1839c276b121b05b72a1ec8d7c6f23c240511643c0, From: subscribe, IPv_Type: ipv6, Location: 美国-加利福尼亚州-圣克拉拉, ISP: DigitalOcean, Date: None, Delay: 831 ms, Speed: 0.00 M/s, Resolution: 1920x1080
Name: 游戏风云, URL: rtsp://115.153.245.70/PLTV/88888888/224/3221225615/iptv7998.smil, From: subscribe, IPv_Type: ipv4, Location: 中国-江西-宜春, ISP: 电信, Date: None, Delay: 10009 ms, Speed: 0.00 M/s, Resolution: None
Name: 游戏风云, URL: rtsp://115.153.254.81/PLTV/88888888/224/3221225615/iptv7998.smil, From: subscribe, IPv_Type: ipv4, Location: 中国-江西-宜春, ISP: 电信, Date: None, Delay: 10005 ms, Speed: 0.00 M/s, Resolution: None
Name: 游戏风云, URL: rtsp://115.153.240.228:554/PLTV/88888888/224/3221225615/iptv7998.smil, From: subscribe, IPv_Type: ipv4, Location: 中国-江西-宜春, ISP: 电信, Date: None, Delay: 10004 ms, Speed: 0.00 M/s, Resolution: None
Name: 游戏风云, URL: rtsp://115.153.212.72/PLTV/88888888/224/3221225615/iptv7998.smil, From: subscribe, IPv_Type: ipv4, Location: 中国-江西-宜春, ISP: 电信, Date: None, Delay: 10006 ms, Speed: 0.00 M/s, Resolution: None
Name: 游戏风云, URL: rtsp://115.153.247.80/PLTV/88888888/224/3221225615/iptv7998.smil, From: subscribe, IPv_Type: ipv4, Location: 中国-江西-宜春, ISP: 电信, Date: None, Delay: 10004 ms, Speed: 0.00 M/s, Resolution: None
Name: 游戏风云, URL: rtsp://115.153.230.145/PLTV/88888888/224/3221225615/iptv7998.smil, From: subscribe, IPv_Type: ipv4, Location: 中国-江西-宜春, ISP: 电信, Date: None, Delay: 10004 ms, Speed: 0.00 M/s, Resolution: None
Name: 游戏风云, URL: rtsp://115.153.222.112:554/PLTV/88888888/224/3221225615/iptv7998.smil, From: subscribe, IPv_Type: ipv4, Location: 中国-江西-宜春, ISP: 电信, Date: None, Delay: 10004 ms, Speed: 0.00 M/s, Resolution: None
Name: 游戏风云, URL: rtsp://115.153.233.154/PLTV/88888888/224/3221225615/iptv7998.smil, From: subscribe, IPv_Type: ipv4, Location: 中国-江西-宜春, ISP: 电信, Date: None, Delay: 10005 ms, Speed: 0.00 M/s, Resolution: None
Name: 音乐现场, URL: http://satellitepull.cnr.cn/live/wx32nmgyygb/playlist.m3u8, From: subscribe, IPv_Type: ipv4, Location: 美国-加利福尼亚州-洛杉矶, ISP: 网宿科技CDN节点, Date: None, Delay: 43 ms, Speed: 2.35 M/s, Resolution: None
Name: 音乐现场, URL: https://satellitepull.cnr.cn/live/wx32nmgyygb/playlist.m3u8, From: subscribe, IPv_Type: ipv4, Location: 美国-加利福尼亚州-洛杉矶, ISP: 网宿科技CDN节点, Date: None, Delay: 56 ms, Speed: 2.10 M/s, Resolution: None
Name: 潮流音乐, URL: http://play-radio-stream3.hndt.com/now/Or5au0KN/playlist.m3u8, From: subscribe, IPv_Type: ipv4, Location: 美国-伊利诺伊州-库克, ISP: 网宿CDN节点, Date: None, Delay: 5195 ms, Speed: 0.05 M/s, Resolution: None
Name: 笑傲江湖, URL: https://live.metshop.top/huya/23865142, From: subscribe, IPv_Type: ipv6, Location: 美国, ISP: CloudFlare Inc., Date: None, Delay: 444 ms, Speed: 0.35 M/s, Resolution: 1920x1080
Name: 笑傲江湖, URL: http://cdn.jdshipin.com:8880/huya.php?id=23865142, From: subscribe, IPv_Type: ipv6, Location: 美国, ISP: CloudFlare Inc., Date: None, Delay: 443 ms, Speed: 0.35 M/s, Resolution: 1920x1080
Name: 天龙八部, URL: https://live.metshop.top/huya/23903123, From: subscribe, IPv_Type: ipv6, Location: 美国, ISP: CloudFlare Inc., Date: None, Delay: 336 ms, Speed: 0.31 M/s, Resolution: 1920x1080
Name: 鹿鼎记, URL: https://live.ottiptv.cc/yy/28265277, From: subscribe, IPv_Type: ipv6, Location: 美国, ISP: Oracle Corporation, Date: None, Delay: 800 ms, Speed: 0.23 M/s, Resolution: 800x600
Name: 仙剑奇侠传, URL: https://live.ottiptv.cc/yy/1382749903, From: subscribe, IPv_Type: ipv6, Location: 美国, ISP: Oracle Corporation, Date: None, Delay: 741 ms, Speed: 0.89 M/s, Resolution: 1920x1080
Name: 西游记, URL: https://txmov2.a.kwimgs.com/bs3/video-hls/5239093806671579134_hlsb.m3u8, From: subscribe, IPv_Type: ipv4, Location: 美国-加利福尼亚州-圣克拉拉, ISP: 腾讯云, Date: None, Delay: 108 ms, Speed: 13.06 M/s, Resolution: 704x534
Name: 西游记, URL: https://txmov2.a.kwimgs.com/bs3/video-hls/5222486782687309806_hlsb.m3u8, From: subscribe, IPv_Type: ipv4, Location: 美国-乔治亚州-富尔顿, ISP: 腾讯云, Date: None, Delay: 97 ms, Speed: 11.41 M/s, Resolution: 704x540
Name: 西游记, URL: http://8.155.43.98:35455/huya/20985836, From: subscribe, IPv_Type: ipv4, Location: 中国, ISP: 阿里云, Date: None, Delay: 310 ms, Speed: 0.72 M/s, Resolution: 1920x1066
Name: 西游记, URL: http://39.153.130.167:35455/huya/20985836, From: subscribe, IPv_Type: ipv4, Location: 中国-内蒙古-通辽, ISP: 移动, Date: None, Delay: 273 ms, Speed: 0.71 M/s, Resolution: 1920x1066
Name: 西游记, URL: http://222.186.39.21:35466/huya/20985836, From: subscribe, IPv_Type: ipv4, Location: 中国-江苏-镇江, ISP: 电信, Date: None, Delay: 1065 ms, Speed: 0.67 M/s, Resolution: 1920x1066
Name: 西游记, URL: http://live.ottiptv.cc/huya/20985836, From: subscribe, IPv_Type: ipv6, Location: 英国, ISP: , Date: None, Delay: 446 ms, Speed: 0.62 M/s, Resolution: 1920x1066
Name: 西游记, URL: http://cdn.jdshipin.com:8880/huya.php?id=30080242, From: subscribe, IPv_Type: ipv6, Location: 美国, ISP: CloudFlare Inc., Date: None, Delay: 303 ms, Speed: 0.23 M/s, Resolution: 1024x554
Name: 西游记, URL: https://lbds.us.ci/26355861, From: subscribe, IPv_Type: ipv6, Location: 美国, ISP: CloudFlare Inc., Date: None, Delay: 50 ms, Speed: 0.16 M/s, Resolution: 576x432
Name: 三国演义, URL: https://live.metshop.top/huya/11602081, From: subscribe, IPv_Type: ipv6, Location: 美国, ISP: CloudFlare Inc., Date: None, Delay: 459 ms, Speed: 0.31 M/s, Resolution: 1280x720
Name: 三国演义, URL: http://cdn.jdshipin.com:8880/huya.php?id=11602081, From: subscribe, IPv_Type: ipv6, Location: 美国, ISP: CloudFlare Inc., Date: None, Delay: 414 ms, Speed: 0.31 M/s, Resolution: 1280x720
Name: 水浒传, URL: https://live.ottiptv.cc/yy/1353873252, From: subscribe, IPv_Type: ipv6, Location: 英国, ISP: , Date: None, Delay: 44 ms, Speed: 9.83 M/s, Resolution: None
Name: 新白娘子传奇, URL: https://live.ottiptv.cc/yy/1354490667, From: subscribe, IPv_Type: ipv6, Location: 美国, ISP: Oracle Corporation, Date: None, Delay: 1596 ms, Speed: 0.20 M/s, Resolution: 800x600
Name: 封神榜, URL: http://cdn.jdshipin.com:8880/huya.php?id=29465849, From: subscribe, IPv_Type: ipv6, Location: 美国, ISP: CloudFlare Inc., Date: None, Delay: 573 ms, Speed: 0.76 M/s, Resolution: 1920x1080
Name: 上海滩, URL: https://txmov2.a.kwimgs.com/upic/2021/02/22/22/BMjAyMTAyMjIyMjU2NDFfMTI0MzE0NjMyOF80NDg1MDgzMTY5NF8yXzM=_b_B35aa4e9376173041991a9a379ff4ac56.mp4, From: subscribe, IPv_Type: ipv4, Location: 美国-加利福尼亚州-圣克拉拉, ISP: 腾讯云, Date: None, Delay: 11 ms, Speed: 149.58 M/s, Resolution: 718x404
Name: 射雕英雄传, URL: https://live.ottiptv.cc/huya/23824164, From: subscribe, IPv_Type: ipv6, Location: 美国, ISP: Oracle Corporation, Date: None, Delay: 997 ms, Speed: 0.55 M/s, Resolution: 1274x670
Name: 射雕英雄传, URL: https://live.metshop.top/huya/23824164, From: subscribe, IPv_Type: ipv6, Location: 美国, ISP: CloudFlare Inc., Date: None, Delay: 511 ms, Speed: 0.54 M/s, Resolution: 1274x670
Name: 射雕英雄传, URL: http://cdn.jdshipin.com:8880/huya.php?id=23824164, From: subscribe, IPv_Type: ipv6, Location: 美国, ISP: CloudFlare Inc., Date: None, Delay: 407 ms, Speed: 0.52 M/s, Resolution: 1274x670
